1101,?░ц│е,TW0001101004,1962/2/9,ф╕Кх?,ц░┤ц│ех╖ецен,ESVUFR
1102,ф║Юц│е,TW0001102002,1962/6/8,ф╕Кх?,ц░┤ц│ех╖ецен,ESVUFR
1103,?Йц│е,TW0001103000,1969/11/14,ф╕Кх?,ц░┤ц│ех╖ецен,ESVUFR
1104,?░ц│е,TW0001104008,1971/2/1,ф╕Кх?,ц░┤ц│ех╖ецен,ESVUFR
1108,х╣╕ч?,TW0001108009,1990/6/6,ф╕Кх?,ц░┤ц│ех╖ецен,ESVUFR
1109,ф┐бхдз,TW0001109007,1991/12/5,ф╕Кх?,ц░┤ц│ех╖ецен,ESVUFR
1110,?▒ц│е,TW0001110005,1994/10/22,ф╕Кх?,ц░┤ц│ех╖ецен,ESVUFR
1201,?│хЕи,TW0001201002,1962/2/9,ф╕Кх?,щгЯх?х╖ецен,ESVUFR
1203,?│ч?,TW0001203008,1964/8/24,ф╕Кх?,щгЯх?х╖ецен,ESVUFR
1210,хдзц?,TW0001210003,1978/5/20,ф╕Кх?,щгЯх?х╖ецен,ESVUFR
1213,хдзщг▓,TW0001213007,1981/4/10,ф╕Кх?,щгЯх?х╖ецен,ESVUFR
1215,?Ьш?,TW0001215002,1987/7/27,ф╕Кх?,щгЯх?х╖ецен,ESVUFR
1216,ч╡▒ф?,TW0001216000,1987/12/28,ф╕Кх?,щгЯх?х╖ецен,ESVUFR
1217,?Ыф???TW0001217008,1989/10/28,ф╕Кх?,щгЯх?х╖ецен,ESVUFR,
1218,ц│░х▒▒,TW0001218006,1989/11/11,ф╕Кх?,щгЯх?х╖ецен,ESVUFR
1219,чжПхг╜,TW0001219004,1990/12/1,ф╕Кх?,щгЯх?х╖ецен,ESVUFR
1220,?░цжо,TW0001220002,1991/11/20,ф╕Кх?,щгЯх?х╖ецен,ESVUFR
1225,чжПц?ц▓?TW0001225001,1993/9/27,ф╕Кх?,щгЯх?х╖ецен,ESVUFR,
1227,ф╜│ца╝,TW0001227007,1994/4/9,ф╕Кх?,щгЯх?х╖ецен,ESVUFR
1229,?пшПп,TW0001229003,1976/7/19,ф╕Кх?,щгЯх?х╖ецен,ESVUFR
1231,?пшПпщг?TW0001231009,1995/11/2,ф╕Кх?,щгЯх?х╖ецен,ESVUFR,
1232,хдзч╡▒??TW0001232007,1996/2/9,ф╕Кх?,щгЯх?х╖ецен,ESVUFR,
1233,хдйф?,TW0001233005,1999/1/20,ф╕Кх?,щгЯх?х╖ецен,ESVUFR
1234,щ╗СцЭ╛,TW0001234003,1999/3/12,ф╕Кх?,щгЯх?х╖ецен,ESVUFR
1235,?Иц│░,TW0001235000,2000/9/11,ф╕Кх?,щгЯх?х╖ецен,ESVUFR
1236,хоПф?,TW0001236008,2001/9/17,ф╕Кх?,щгЯх?х╖ецен,ESVUFR
1262,F-ч╢ац?,KYG409711069,2014/1/16,ф╕Кх?,?╢ф?це?ESVUFR,
1301,?░х?,TW0001301000,1964/7/27,ф╕Кх?,хбСш?х╖ецен,ESVUFR
1303,?Чф?,TW0001303006,1967/11/5,ф╕Кх?,хбСш?х╖ецен,ESVUFR
1304,?░ш?,TW0001304004,1972/5/20,ф╕Кх?,хбСш?х╖ецен,ESVUFR
1305,?пх?,TW0001305001,1973/3/5,ф╕Кх?,хбСш?х╖ецен,ESVUFR
1307,ф╕ЙшК│,TW0001307007,1985/11/23,ф╕Кх?,хбСш?х╖ецен,ESVUFR
1308,ф║Юш?,TW0001308005,1986/6/20,ф╕Кх?,хбСш?х╖ецен,ESVUFR
1309,?░щ???TW0001309003,1986/6/27,ф╕Кх?,хбСш?х╖ецен,ESVUFR,
1310,?░шЛп,TW0001310001,1987/8/6,ф╕Кх?,хбСш?х╖ецен,ESVUFR
1312,?ЛхЦм,TW0001312007,1988/12/21,ф╕Кх?,хбСш?х╖ецен,ESVUFR
1313,?пц?,TW0001313005,1989/3/27,ф╕Кх?,хбСш?х╖ецен,ESVUFR
1314,ф╕нчЯ│??TW0001314003,1991/7/12,ф╕Кх?,хбСш?х╖ецен,ESVUFR,
1315,?ФцЦ░,TW0001315000,1992/5/9,ф╕Кх?,хбСш?х╖ецен,ESVUFR
1316,ф╕Кц?,TW0001316008,1992/10/15,ф╕Кх?,?Цхн╕х╖ецен,ESVUFR
1319,?▒щЩ╜,TW0001319002,1994/12/12,ф╕Кх?,хбСш?х╖ецен,ESVUFR
1321,хдзц?,TW0001321008,1999/1/26,ф╕Кх?,хбСш?х╖ецен,ESVUFR
1323,ц░╕ш?,TW0001323004,2000/9/11,ф╕Кх?,хбСш?х╖ецен,ESVUFR
1324,?░ч?,TW0001324002,2000/9/11,ф╕Кх?,хбСш?х╖ецен,ESVUFR
1325,?Жхдз,TW0001325009,2000/9/11,ф╕Кх?,хбСш?х╖ецен,ESVUFR
1326,?░х?,TW0001326007,1984/12/20,ф╕Кх?,хбСш?х╖ецен,ESVUFR
1337,F-?Нч?,KYG0539R1039,2011/7/1,ф╕Кх?,хбСш?х╖ецен,ESVUFR
1338,F-х╗?Пп,KYG451001070,2012/12/19,ф╕Кх?,ц▒╜ш?х╖ецен,ESVUFR
1339,?нш?,TW0001339000,2012/4/24,ф╕Кх?,хбСш?х╖ецен,ESVUFR
1340,F-?Эц?,KYG935971054,2013/12/6,ф╕Кх?,хбСш?х╖ецен,ESVUFR
1402,?ацЭ▒??TW0001402006,1967/4/14,ф╕Кх?,ч┤бч?ч║Цч╢н,ESVUFR,
1409,?░ч?,TW0001409001,1973/8/31,ф╕Кх?,ч┤бч?ч║Цч╢н,ESVUFR
1410,?Чц?,TW0001410009,1973/10/18,ф╕Кх?,ч┤бч?ч║Цч╢н,ESVUFR
1413,хоПц┤▓,TW0001413003,1975/12/23,ф╕Кх?,ч┤бч?ч║Цч╢н,ESVUFR
1414,?▒х?,TW0001414001,1976/2/2,ф╕Кх?,ч┤бч?ч║Цч╢н,ESVUFR
1416,х╗??,TW0001416006,1976/4/20,ф╕Кх?,ч┤бч?ч║Цч╢н,ESVUFR
1417,?Йш?,TW0001417004,1976/12/28,ф╕Кх?,ч┤бч?ч║Цч╢н,ESVUFR
1418,?▒шПп,TW0001418002,1977/2/14,ф╕Кх?,ч┤бч?ч║Цч╢н,ESVUFR
1419,?░ч┤б,TW0001419000,1977/3/14,ф╕Кх?,ч┤бч?ч║Цч╢н,ESVUFR
1423,?йшПп,TW0001423002,1979/4/2,ф╕Кх?,ч┤бч?ч║Цч╢н,ESVUFR
1432,хдзщнп??TW0001432003,1982/7/26,ф╕Кх?,ч┤бч?ч║Цч╢н,ESVUFR,
1434,чжПц?,TW0001434009,1985/12/24,ф╕Кх?,ч┤бч?ч║Цч╢н,ESVUFR
1435,ф╕нч?,TW0001435006,1987/12/28,ф╕Кх?,?╢ф?це?ESVUFR,
1436,?пх???TW0001436004,1988/4/11,ф╕Кх?,х╗║ц??ЯщАацен,ESVUFR,
1437,?дч???TW0001437002,1988/11/10,ф╕Кх?,?Кх?щлФцен,ESVUFR,
1438,шгХш?,TW0001438000,1988/12/15,ф╕Кх?,х╗║ц??ЯщАацен,ESVUFR
1439,ф╕нх?,TW0001439008,1989/5/22,ф╕Кх?,ч┤бч?ч║Цч╢н,ESVUFR
1440,?Чч┤б,TW0001440006,1989/10/3,ф╕Кх?,ч┤бч?ч║Цч╢н,ESVUFR
1441,хдзцЭ▒,TW0001441004,1989/10/27,ф╕Кх?,ч┤бч?ч║Цч╢н,ESVUFR
1442,?Нш?,TW0001442002,1989/11/16,ф╕Кх?,х╗║ц??ЯщАацен,ESVUFR
1443,члЛч?,TW0001443000,1990/4/21,ф╕Кх?,ч┤бч?ч║Цч╢н,ESVUFR
1444,?Ыщ?,TW0001444008,1990/8/8,ф╕Кх?,ч┤бч?ч║Цч╢н,ESVUFR
1445,хдзх?,TW0001445005,1991/2/5,ф╕Кх?,ч┤бч?ч║Цч╢н,ESVUFR
1446,хоПх?,TW0001446003,1991/10/15,ф╕Кх?,ч┤бч?ч║Цч╢н,ESVUFR
1447,?Ыщ╡м,TW0001447001,1992/1/28,ф╕Кх?,ч┤бч?ч║Цч╢н,ESVUFR
1449,ф╜│х?,TW0001449007,1992/3/12,ф╕Кх?,ч┤бч?ч║Цч╢н,ESVUFR
1451,х╣┤ш?,TW0001451003,1992/12/21,ф╕Кх?,ч┤бч?ч║Цч╢н,ESVUFR
1452,хоПч?,TW0001452001,1992/12/28,ф╕Кх?,ч┤бч?ч║Цч╢н,ESVUFR
1453,хдзх?,TW0001453009,1993/4/19,ф╕Кх?,ч┤бч?ч║Цч╢н,ESVUFR
1454,?░х?,TW0001454007,1993/5/7,ф╕Кх?,ч┤бч?ч║Цч╢н,ESVUFR
1455,?Жч?,TW0001455004,1993/10/7,ф╕Кх?,ч┤бч?ч║Цч╢н,ESVUFR
1456,?бшПп,TW0001456002,1993/12/9,ф╕Кх?,ч┤бч?ч║Цч╢н,ESVUFR
1457,хоЬщА?TW0001457000,1994/10/20,ф╕Кх?,ч┤бч?ч║Цч╢н,ESVUFR,
1459,?пчЩ╝,TW0001459006,1994/10/26,ф╕Кх?,ч┤бч?ч║Цч╢н,ESVUFR
1460,хоПщ?,TW0001460004,1995/4/28,ф╕Кх?,ч┤бч?ч║Цч╢н,ESVUFR
1463,х╝╖ч?,TW0001463008,1996/12/5,ф╕Кх?,ч┤бч?ч║Цч╢н,ESVUFR
1464,х╛Чх?,TW0001464006,1997/1/18,ф╕Кх?,ч┤бч?ч║Цч╢н,ESVUFR
1465,?ЙхЕи,TW0001465003,1997/9/8,ф╕Кх?,ч┤бч?ч║Цч╢н,ESVUFR
1466,?Ъщ?,TW0001466001,1998/4/4,ф╕Кх?,ч┤бч?ч║Цч╢н,ESVUFR
1467,?Чч╖п,TW0001467009,1998/12/21,ф╕Кх?,ч┤бч?ч║Цч╢н,ESVUFR
1468,?╢х?,TW0001468007,1999/1/21,ф╕Кх?,ч┤бч?ч║Цч╢н,ESVUFR
1469,?Жщ?,TW0001469005,1999/2/5,ф╕Кх?,ч┤бч?ч║Цч╢н,ESVUFR
1470,хдзч╡▒??TW0001470003,1999/5/21,ф╕Кх?,ч┤бч?ч║Цч╢н,ESVUFR,
1471,щжЦхИй,TW0001471001,2000/3/6,ф╕Кх?,?╗х??╢ч?ф╗╢цен,ESVUFR
1472,ф╕Йц?ч┤?TW0001472009,2000/9/11,ф╕Кх?,ч┤бч?ч║Цч╢н,ESVUFR,
1473,?░х?,TW0001473007,2000/9/11,ф╕Кх?,ч┤бч?ч║Цч╢н,ESVUFR
1474,х╝Шш?,TW0001474005,2000/10/31,ф╕Кх?,ч┤бч?ч║Цч╢н,ESVUFR
1475,?мч?,TW0001475002,2000/10/27,ф╕Кх?,ч┤бч?ч║Цч╢н,ESVUFR
1476,?Тщ┤╗,TW0001476000,2001/4/18,ф╕Кх?,ч┤бч?ч║Цч╢н,ESVUFR
1477,?ЪщЩ╜,TW0001477008,2003/1/21,ф╕Кх?,ч┤бч?ч║Цч╢н,ESVUFR
1503,хглщЫ╗,TW0001503001,1969/12/15,ф╕Кх?,?╗ц?цйЯцв░,ESVUFR
1504,?▒х?,TW0001504009,1973/11/5,ф╕Кх?,?╗ц?цйЯцв░,ESVUFR
1506,цн??,TW0001506004,1980/8/11,ф╕Кх?,?╗ц?цйЯцв░,ESVUFR
1507,ц░╕хдз,TW0001507002,1989/11/9,ф╕Кх?,?╗ц?цйЯцв░,ESVUFR
1512,?ЮхИй,TW0001512002,1994/1/28,ф╕Кх?,?╗ц?цйЯцв░,ESVUFR
1513,ф╕нш???TW0001513000,1994/3/8,ф╕Кх?,?╗ц?цйЯцв░,ESVUFR,
1514,ф║Юх?,TW0001514008,1994/3/26,ф╕Кх?,?╗ц?цйЯцв░,ESVUFR
1515,?Ых▒▒,TW0001515005,1995/2/4,ф╕Кх?,?╗ц?цйЯцв░,ESVUFR
1516,х╖Эщ?,TW0001516003,1995/4/1,ф╕Кх?,?╢ф?це?ESVUFR,
1517,?йх?,TW0001517001,1995/11/14,ф╕Кх?,?╗ц?цйЯцв░,ESVUFR
1519,?пх?,TW0001519007,1997/4/16,ф╕Кх?,?╗ц?цйЯцв░,ESVUFR
1521,хдзх?,TW0001521003,1997/10/6,ф╕Кх?,?╗ц?цйЯцв░,ESVUFR
1522,?дч╢нше?TW0001522001,1997/10/6,ф╕Кх?,?╗ц?цйЯцв░,ESVUFR,
1524,?┐щ?,TW0001524007,1998/10/30,ф╕Кх?,?╗ц?цйЯцв░,ESVUFR
1525,ц▒ЯчФ│,TW0001525004,1999/5/15,ф╕Кх?,?╗ц?цйЯцв░,ESVUFR
1526,?ещж│,TW0001526002,2000/3/27,ф╕Кх?,?╗ц?цйЯцв░,ESVUFR
1527,?╜хЕи,TW0001527000,2000/6/21,ф╕Кх?,?╗ц?цйЯцв░,ESVUFR
1528,?йх╛╖,TW0001528008,2000/9/11,ф╕Кх?,?╗ц?цйЯцв░,ESVUFR
1529,циВхгл,TW0001529006,2000/9/11,ф╕Кх?,?╗ц?цйЯцв░,ESVUFR
1530,ф║Юх┤┤,TW0001530004,2000/9/11,ф╕Кх?,?╗ц?цйЯцв░,ESVUFR
1531,щлШц???TW0001531002,2000/9/11,ф╕Кх?,?╗ц?цйЯцв░,ESVUFR,
1532,?дч?,TW0001532000,2000/9/11,ф╕Кх?,?╝щР╡х╖ецен,ESVUFR
1533,ш╗Кч???TW0001533008,2001/4/6,ф╕Кх?,?╗ц?цйЯцв░,ESVUFR,
1535,ф╕нх?,TW0001535003,2001/9/17,ф╕Кх?,?╗ц?цйЯцв░,ESVUFR
1536,?Мхдз,TW0001536001,2001/9/17,ф╕Кх?,?╗ц?цйЯцв░,ESVUFR
1537,х╗??,TW0001537009,2002/1/22,ф╕Кх?,?╗ц?цйЯцв░,ESVUFR
1538,цн?│░??TW0001538007,2002/8/26,ф╕Кх?,?╗ц?цйЯцв░,ESVUFR,
1539,х╖их║н,TW0001539005,2002/10/29,ф╕Кх?,?╗ц?цйЯцв░,ESVUFR
1540,?мч?,TW0001540003,2002/8/26,ф╕Кх?,?╗ц?цйЯцв░,ESVUFR
1541,?йц│░,TW0001541001,2003/3/19,ф╕Кх?,?╗ц?цйЯцв░,ESVUFR
1558,ф╝╕ш?,TW0001558005,2014/12/23,ф╕Кх?,?╗ц?цйЯцв░,ESVUFR
1560,ф╕нч?,TW0001560001,2005/1/31,ф╕Кх?,?╗ц?цйЯцв░,ESVUFR
1568,?Йф?,TW0001568004,2014/5/14,ф╕Кх?,?╗ц?цйЯцв░,ESVUFR
1582,ф┐бщМж,TW0001582005,2009/12/17,ф╕Кх?,?╗х??╢ч?ф╗╢цен,ESVUFR
1583,чиЛц│░,TW0001583003,2008/1/24,ф╕Кх?,?╗ц?цйЯцв░,ESVUFR
1589,F-ц░╕х?,KYG984291065,2012/4/27,ф╕Кх?,?╗ц?цйЯцв░,ESVUFR
1590,F-ф║Юх╛╖,KYG014081064,2010/12/13,ф╕Кх?,?╗ц?цйЯцв░,ESVUFR
1592,F-?▒ч?,KYG316231045,2014/10/16,ф╕Кх?,?╗ц?цйЯцв░,ESVUFR
1603,?пщЫ╗,TW0001603009,1968/6/3,ф╕Кх?,?╗хЩи?╗ч?,ESVUFR
1604,?▓хп╢,TW0001604007,1970/12/14,ф╕Кх?,?╗хЩи?╗ч?,ESVUFR
1605,?пцЦ░,TW0001605004,1972/11/3,ф╕Кх?,?╗хЩи?╗ч?,ESVUFR
1608,?пцжо,TW0001608008,1988/7/11,ф╕Кх?,?╗хЩи?╗ч?,ESVUFR
1609,хдзф?,TW0001609006,1988/12/12,ф╕Кх?,?╗хЩи?╗ч?,ESVUFR
1611,ф╕нщЫ╗,TW0001611002,1990/1/16,ф╕Кх?,?╗хЩи?╗ч?,ESVUFR
1612,хоПц│░,TW0001612000,1993/5/8,ф╕Кх?,?╗хЩи?╗ч?,ESVUFR
1613,?░ф?,TW0001613008,1995/10/20,ф╕Кх?,?╗хЩи?╗ч?,ESVUFR
1614,ф╕Йц???TW0001614006,1997/9/18,ф╕Кх?,?╗хЩи?╗ч?,ESVUFR,
1615,хдзх▒▒,TW0001615003,2000/3/30,ф╕Кх?,?╗хЩи?╗ч?,ESVUFR
1616,?Дц│░,TW0001616001,2000/9/11,ф╕Кх?,?╗хЩи?╗ч?,ESVUFR
1617,цжоц?,TW0001617009,2000/9/11,ф╕Кх?,?╗хЩи?╗ч?,ESVUFR
1618,?Иц?,TW0001618007,2000/9/11,ф╕Кх?,?╗хЩи?╗ч?,ESVUFR
1626,F-?╛ч?,KYG0135T1076,2013/3/21,ф╕Кх?,?╗хЩи?╗ч?,ESVUFR
1701,ф╕нх?,TW0001701001,1962/2/9,ф╕Кх?,?Яц??лч?це?ESVUFR,
1702,?Чх?,TW0001702009,1973/5/30,ф╕Кх?,щгЯх?х╖ецен,ESVUFR
1704,цжох?,TW0001704005,1977/12/17,ф╕Кх?,?Цхн╕х╖ецен,ESVUFR
1707,?бш???TW0001707008,1982/12/20,ф╕Кх?,?Яц??лч?це?ESVUFR,,
1708,?▒щ╣╝,TW0001708006,1986/6/16,ф╕Кх?,?Цхн╕х╖ецен,ESVUFR
1709,?Мч?,TW0001709004,1986/7/3,ф╕Кх?,?Цхн╕х╖ецен,ESVUFR
1710,?▒шБп,TW0001710002,1987/10/21,ф╕Кх?,?Цхн╕х╖ецен,ESVUFR
1711,ц░╕х?,TW0001711000,1988/12/27,ф╕Кх?,?Цхн╕х╖ецен,ESVUFR
1712,?Иш╛▓,TW0001712008,1989/12/14,ф╕Кх?,?Цхн╕х╖ецен,ESVUFR
1713,?Лх?,TW0001713006,1990/1/31,ф╕Кх?,?Цхн╕х╖ецен,ESVUFR
1714,?Мц?,TW0001714004,1991/8/30,ф╕Кх?,?Цхн╕х╖ецен,ESVUFR
1715,?мц┤▓,TW0001715001,1992/12/28,ф╕Кх?,хбСш?х╖ецен,ESVUFR
1717,?╖ш?,TW0001717007,1994/3/31,ф╕Кх?,?Цхн╕х╖ецен,ESVUFR
1718,ф╕нч?,TW0001718005,1963/12/2,ф╕Кх?,?Цхн╕х╖ецен,ESVUFR
1720,?Ящ?,TW0001720001,1995/12/12,ф╕Кх?,?Яц??лч?це?ESVUFR,
1721,ф╕Йц?,TW0001721009,1996/5/16,ф╕Кх?,?Цхн╕х╖ецен,ESVUFR
1722,?░шВе,TW0001722007,1998/3/24,ф╕Кх?,?Цхн╕х╖ецен,ESVUFR
1723,ф╕нчв│,TW0001723005,1998/11/27,ф╕Кх?,?Цхн╕х╖ецен,ESVUFR
1724,?░ч?,TW0001724003,1995/3/30,ф╕Кх?,?Цхн╕х╖ецен,ESVUFR
1725,?Гч?,TW0001725000,2000/9/11,ф╕Кх?,?Цхн╕х╖ецен,ESVUFR
1726,ц░╕ш?,TW0001726008,2000/9/11,ф╕Кх?,?Цхн╕х╖ецен,ESVUFR
1727,ф╕ншПп??TW0001727006,2000/9/11,ф╕Кх?,?Цхн╕х╖ецен,ESVUFR,
1729,х┐Еч?,TW0001729002,2001/3/21,ф╕Кх?,?Яц??лч?це?ESVUFR,
1730,?▒ф?хн?TW0001730000,2001/9/17,ф╕Кх?,?Цхн╕х╖ецен,ESVUFR,
1731,ч╛ОхР╛??TW0001731008,2001/9/17,ф╕Кх?,?Яц??лч?це?ESVUFR,,
1732,цпЫхп╢,TW0001732006,2001/9/17,ф╕Кх?,?Цхн╕х╖ецен,ESVUFR
1733,ф║Фщ?,TW0001733004,2001/9/17,ф╕Кх?,?Яц??лч?це?ESVUFR,
1734,?Пш?,TW0001734002,2002/8/26,ф╕Кх?,?Яц??лч?це?ESVUFR,
1735,?ех???TW0001735009,2002/8/26,ф╕Кх?,?Цхн╕х╖ецен,ESVUFR,
1736,?мх▒▒,TW0001736007,2003/1/9,ф╕Кх?,?Яц??лч?це?ESVUFR,
1737,?║щ╣╜,TW0001737005,2003/11/18,ф╕Кх?,щгЯх?х╖ецен,ESVUFR
1762,ф╕нх???TW0001762003,2010/12/20,ф╕Кх?,?Яц??лч?це?ESVUFR,,
1773,?Эф?,TW0001773000,2009/2/27,ф╕Кх?,?Цхн╕х╖ецен,ESVUFR
1783,?Мх║╖??TW0001783009,2013/12/20,ф╕Кх?,?Яц??лч?це?ESVUFR,,
1786,чзСх?,TW0001786002,2013/11/12,ф╕Кх?,?Яц??лч?це?ESVUFR,
1789,чеЮщ?,TW0001789006,2011/9/29,ф╕Кх?,?Яц??лч?це?ESVUFR,
1802,?░чО╗,TW0001802007,1973/7/20,ф╕Кх?,?╗ч??╢чУ╖,ESVUFR
1805,хп╢х?,TW0001805000,1989/10/20,ф╕Кх?,х╗║ц??ЯщАацен,ESVUFR
1806,?аш?,TW0001806008,1992/9/29,ф╕Кх?,?╗ч??╢чУ╖,ESVUFR
1808,ц╜дщ?,TW0001808004,1994/10/26,ф╕Кх?,х╗║ц??ЯщАацен,ESVUFR
1809,ф╕нщ?,TW0001809002,1996/4/30,ф╕Кх?,?╗ч??╢чУ╖,ESVUFR
1810,?Мц?,TW0001810000,1991/10/14,ф╕Кх?,?╗ч??╢чУ╖,ESVUFR
1817,?▒ц?шб?TW0001817005,2013/10/24,ф╕Кх?,?╗ч??╢чУ╖,ESVUFR,
1902,?░ч?,TW0001902005,1962/2/9,ф╕Кх?,?ач?х╖ецен,ESVUFR
1903,хглч?,TW0001903003,1963/12/9,ф╕Кх?,?ач?х╖ецен,ESVUFR
1904,цн??,TW0001904001,1971/9/10,ф╕Кх?,?ач?х╖ецен,ESVUFR
1905,?пч?,TW0001905008,1975/2/7,ф╕Кх?,?ач?х╖ецен,ESVUFR
1906,хп╢щ?,TW0001906006,1976/4/26,ф╕Кх?,?ач?х╖ецен,ESVUFR
1907,ц░╕ш?щд?TW0001907004,1977/2/22,ф╕Кх?,?ач?х╖ецен,ESVUFR,
1909,цжоц?,TW0001909000,1985/11/19,ф╕Кх?,?ач?х╖ецен,ESVUFR
2002,ф╕нщЛ╝,TW0002002003,1974/12/26,ф╕Кх?,?╝щР╡х╖ецен,ESVUFR
2006,?▒щЛ╝,TW0002006004,1988/7/13,ф╕Кх?,?╝щР╡х╖ецен,ESVUFR
2007,?Бш?,TW0002007002,1988/10/4,ф╕Кх?,?╝щР╡х╖ецен,ESVUFR
2008,щлШш???TW0002008000,1988/12/28,ф╕Кх?,?╝щР╡х╖ецен,ESVUFR,
2009,чммф???TW0002009008,1989/10/20,ф╕Кх?,?╝щР╡х╖ецен,ESVUFR,
2010,?ец?,TW0002010006,1989/12/22,ф╕Кх?,?╝щР╡х╖ецен,ESVUFR
2012,?ещЫи,TW0002012002,1991/10/17,ф╕Кх?,?╝щР╡х╖ецен,ESVUFR
2013,ф╕нщЛ╝цз?TW0002013000,1992/1/21,ф╕Кх?,?╝щР╡х╖ецен,ESVUFR,
2014,ф╕нщ┤╗,TW0002014008,1992/2/20,ф╕Кх?,?╝щР╡х╖ецен,ESVUFR
2015,ш▒Рш?,TW0002015005,1992/5/25,ф╕Кх?,?╝щР╡х╖ецен,ESVUFR
2017,хоШчФ░??TW0002017001,1992/11/2,ф╕Кх?,?╝щР╡х╖ецен,ESVUFR,
2020,ч╛Оф?,TW0002020005,1993/4/27,ф╕Кх?,?╝щР╡х╖ецен,ESVUFR
2022,?Ъф║и,TW0002022001,1995/3/27,ф╕Кх?,?╝щР╡х╖ецен,ESVUFR
2023,?Бш?,TW0002023009,1995/7/28,ф╕Кх?,?╝щР╡х╖ецен,ESVUFR
2024,х┐ЧшБп,TW0002024007,1995/12/30,ф╕Кх?,?╝щР╡х╖ецен,ESVUFR
2025,?Гш?,TW0002025004,1996/2/8,ф╕Кх?,?╝щР╡х╖ецен,ESVUFR
2027,хдзц???TW0002027000,1996/10/24,ф╕Кх?,?╝щР╡х╖ецен,ESVUFR,
2028,хиБшЗ┤,TW0002028008,1996/12/13,ф╕Кх?,?╝щР╡х╖ецен,ESVUFR
2029,?Ыщ?,TW0002029006,1997/1/11,ф╕Кх?,?╝щР╡х╖ецен,ESVUFR
2030,х╜░ц?,TW0002030004,1998/12/24,ф╕Кх?,?╝щР╡х╖ецен,ESVUFR
2031,?░х???TW0002031002,2000/9/11,ф╕Кх?,?╝щР╡х╖ецен,ESVUFR,
2032,?░щЛ╝,TW0002032000,2000/9/11,ф╕Кх?,?╝щР╡х╖ецен,ESVUFR
2033,ф╜│хдз,TW0002033008,2000/9/11,ф╕Кх?,?╝щР╡х╖ецен,ESVUFR
2034,?Бх╝╖,TW0002034006,2001/9/17,ф╕Кх?,?╝щР╡х╖ецен,ESVUFR
2038,ц╡╖х?,TW0002038007,2008/12/30,ф╕Кх?,?╝щР╡х╖ецен,ESVUFR
2049,ф╕Кщ?,TW0002049004,2009/6/26,ф╕Кх?,?╗ц?цйЯцв░,ESVUFR
2059,х╖Эц?,TW0002059003,2008/6/25,ф╕Кх?,?╗х??╢ч?ф╗╢цен,ESVUFR
2062,цйЛцд┐,TW0002062007,2007/11/16,ф╕Кх?,?╢ф?це?ESVUFR,
2101,?Чц╕п,TW0002101003,1963/11/1,ф╕Кх?,цйбш?х╖ецен,ESVUFR
2102,ц│░ш?,TW0002102001,1979/7/16,ф╕Кх?,цйбш?х╖ецен,ESVUFR
2103,?░цйб,TW0002103009,1982/9/25,ф╕Кх?,цйбш?х╖ецен,ESVUFR
2104,ф╕нцйб,TW0002104007,1986/7/15,ф╕Кх?,цйбш?х╖ецен,ESVUFR
2105,цн?Ц░,TW0002105004,1987/12/7,ф╕Кх?,цйбш?х╖ецен,ESVUFR
2106,х╗║хдз,TW0002106002,1990/12/20,ф╕Кх?,цйбш?х╖ецен,ESVUFR
2107,?Ъч?,TW0002107000,1992/3/3,ф╕Кх?,цйбш?х╖ецен,ESVUFR
2108,?Чх?,TW0002108008,1992/10/27,ф╕Кх?,цйбш?х╖ецен,ESVUFR
2109,?пш?,TW0002109006,2000/5/8,ф╕Кх?,цйбш?х╖ецен,ESVUFR
2114,?лц░╕??TW0002114006,2010/12/29,ф╕Кх?,цйбш?х╖ецен,ESVUFR,
2115,F-?нц?,KYG5700L1086,2013/12/25,ф╕Кх?,цйбш?х╖ецен,ESVUFR
2201,шгХщ?,TW0002201001,1976/7/8,ф╕Кх?,ц▒╜ш?х╖ецен,ESVUFR
2204,ф╕ншПп,TW0002204005,1991/3/12,ф╕Кх?,ц▒╜ш?х╖ецен,ESVUFR
2206,ф╕ЙщЩ╜,TW0002206000,1996/7/29,ф╕Кх?,ц▒╜ш?х╖ецен,ESVUFR
2207,?Мц│░ш╗?TW0002207008,1997/2/25,ф╕Кх?,ц▒╜ш?х╖ецен,ESVUFR,
2208,?░шИ╣,TW0002208006,2008/12/22,ф╕Кх?,?кщ?це?ESVUFR,
2227,шгХцЧеш╗?TW0002227006,2004/12/21,ф╕Кх?,ц▒╜ш?х╖ецен,ESVUFR,
2228,?Нщ?,TW0002228004,2013/11/25,ф╕Кх?,?╗ц?цйЯцв░,ESVUFR
2231,?║х?,TW0002231008,2010/11/19,ф╕Кх?,?╗ц?цйЯцв░,ESVUFR
2301,?Йхп╢чз?TW0002301009,1995/11/17,ф╕Кх?,?╗шЕж?КщА▒щ?шинх?це?ESVUFR,,
2302,щ║Чцнг,TW0002302007,1985/1/15,ф╕Кх?,?Кх?щлФцен,ESVUFR
2303,?пщЫ╗,TW0002303005,1985/7/16,ф╕Кх?,?Кх?щлФцен,ESVUFR
2305,?их?,TW0002305000,1988/10/21,ф╕Кх?,?╗шЕж?КщА▒щ?шинх?це?ESVUFR,
2308,?░щ???TW0002308004,1988/12/19,ф╕Кх?,?╗х??╢ч?ф╗╢цен,ESVUFR,
2311,?ец???TW0002311008,1989/7/19,ф╕Кх?,?Кх?щлФцен,ESVUFR,
2312,?Схп╢,TW0002312006,1989/11/7,ф╕Кх?,?╢ф??╗х?це?ESVUFR,
2313,?пщА?TW0002313004,1990/7/24,ф╕Кх?,?╗х??╢ч?ф╗╢цен,ESVUFR,
2314,?░ц?,TW0002314002,1990/8/8,ф╕Кх?,?Ъф┐бч╢▓ш╖пце?ESVUFR,
2316,цеац???TW0002316007,1991/2/5,ф╕Кх?,?╗х??╢ч?ф╗╢цен,ESVUFR,
2317,щ┤╗ц╡╖,TW0002317005,1991/6/18,ф╕Кх?,?╢ф??╗х?це?ESVUFR,
2321,?▒ш?,TW0002321007,1991/11/8,ф╕Кх?,?Ъф┐бч╢▓ш╖пце?ESVUFR,
2323,ф╕нчТ░,TW0002323003,1992/2/17,ф╕Кх?,?ЙщЫ╗це?ESVUFR,
2324,ф╗Бхп╢,TW0002324001,1992/2/18,ф╕Кх?,?╗шЕж?КщА▒щ?шинх?це?ESVUFR,
2325,?╜х?,TW0002325008,1993/4/7,ф╕Кх?,?Кх?щлФцен,ESVUFR
2327,?Лх╖и,TW0002327004,1993/10/22,ф╕Кх?,?╗х??╢ч?ф╗╢цен,ESVUFR
2328,х╗??,TW0002328002,1993/11/9,ф╕Кх?,?╗х??╢ч?ф╗╢цен,ESVUFR
2329,?пц│░,TW0002329000,1994/4/20,ф╕Кх?,?Кх?щлФцен,ESVUFR
2330,?░ч???TW0002330008,1994/9/5,ф╕Кх?,?Кх?щлФцен,ESVUFR,
2331,ч▓╛шЛ▒,TW0002331006,1994/9/21,ф╕Кх?,?╗шЕж?КщА▒щ?шинх?це?ESVUFR,
2332,?Лш?,TW0002332004,1994/10/17,ф╕Кх?,?Ъф┐бч╢▓ш╖пце?ESVUFR,
2337,?║х?,TW0002337003,1995/3/15,ф╕Кх?,?Кх?щлФцен,ESVUFR
2338,?Йч╜й,TW0002338001,1995/4/17,ф╕Кх?,?Кх?щлФцен,ESVUFR
2340,?Йч?,TW0002340007,1995/5/2,ф╕Кх?,?ЙщЫ╗це?ESVUFR,
2342,?ВчЯ╜,TW0002342003,1995/9/19,ф╕Кх?,?Кх?щлФцен,ESVUFR
2344,?пщВж??TW0002344009,1995/10/18,ф╕Кх?,?Кх?щлФцен,ESVUFR,
2345,?║щВж,TW0002345006,1995/11/15,ф╕Кх?,?Ъф┐бч╢▓ш╖пце?ESVUFR,
2347,?пх╝╖,TW0002347002,1995/12/13,ф╕Кх?,?╗х??Ъш╖пце?ESVUFR,
2348,ц╡╖ц?,TW0002348000,1996/1/5,ф╕Кх?,?╗х??Ъш╖пце?ESVUFR,
2349,?╕х╛╖,TW0002349008,1996/4/23,ф╕Кх?,?ЙщЫ╗це?ESVUFR,
2351,?Жх╛╖,TW0002351004,1996/4/25,ф╕Кх?,?Кх?щлФцен,ESVUFR
2352,ф╜│ф???TW0002352002,1996/7/22,ф╕Кх?,?╗шЕж?КщА▒щ?шинх?це?ESVUFR,,
2353,хоПч?,TW0002353000,1996/9/18,ф╕Кх?,?╗шЕж?КщА▒щ?шинх?це?ESVUFR,
2354,щ┤╗ц?,TW0002354008,1996/10/8,ф╕Кх?,?╢ф??╗х?це?ESVUFR,
2355,?мщ╡м,TW0002355005,1996/10/14,ф╕Кх?,?╗х??╢ч?ф╗╢цен,ESVUFR
2356,?▒цен??TW0002356003,1996/11/13,ф╕Кх?,?╗шЕж?КщА▒щ?шинх?це?ESVUFR,,
2357,?пчвй,TW0002357001,1996/11/14,ф╕Кх?,?╗шЕж?КщА▒щ?шинх?це?ESVUFR,
2358,х╗╖щСл,TW0002358009,1996/12/18,ф╕Кх?,?╗шЕж?КщА▒щ?шинх?це?ESVUFR,
2359,?Ач╛Ещ?,TW0002359007,1996/12/19,ф╕Кх?,?╢ф??╗х?це?ESVUFR,
2360,?┤ш?,TW0002360005,1996/12/21,ф╕Кх?,?╢ф??╗х?це?ESVUFR,
2361,щ┤╗х?,TW0002361003,1997/1/31,ф╕Кх?,?╗шЕж?КщА▒щ?шинх?це?ESVUFR,
2362,?Нхдй,TW0002362001,1997/4/2,ф╕Кх?,?╗шЕж?КщА▒щ?шинх?це?ESVUFR,
2363,?╜ч╡▒,TW0002363009,1997/8/1,ф╕Кх?,?Кх?щлФцен,ESVUFR
2364,?лщ?,TW0002364007,1997/8/11,ф╕Кх?,?╗шЕж?КщА▒щ?шинх?це?ESVUFR,
2365,?Жч?,TW0002365004,1997/11/3,ф╕Кх?,?╗шЕж?КщА▒щ?шинх?це?ESVUFR,
2367,?┐шПп,TW0002367000,1997/12/13,ф╕Кх?,?╗х??╢ч?ф╗╢цен,ESVUFR
2368,?Сх???TW0002368008,1998/3/9,ф╕Кх?,?╗х??╢ч?ф╗╢цен,ESVUFR,
2369,?▒ч?,TW0002369006,1998/4/10,ф╕Кх?,?Кх?щлФцен,ESVUFR
2371,хдзх?,TW0002371002,1962/2/9,ф╕Кх?,?╗ц?цйЯцв░,ESVUFR
2373,?ЗцЧжшб?TW0002373008,1991/8/1,ф╕Кх?,?╢ф??╗х?це?ESVUFR,,
2374,ф╜│шГ╜,TW0002374006,1995/1/16,ф╕Кх?,?ЙщЫ╗це?ESVUFR,
2375,?║хп╢,TW0002375003,1998/8/29,ф╕Кх?,?╗х??╢ч?ф╗╢цен,ESVUFR
2376,?А??TW0002376001,1998/9/24,ф╕Кх?,?╗шЕж?КщА▒щ?шинх?це?ESVUFR,,
2377,х╛оц?,TW0002377009,1998/10/31,ф╕Кх?,?╗шЕж?КщА▒щ?шинх?це?ESVUFR,
2379,?ЮцШ▒,TW0002379005,1998/10/26,ф╕Кх?,?Кх?щлФцен,ESVUFR
2380,?╣х?,TW0002380003,1998/12/3,ф╕Кх?,?╗шЕж?КщА▒щ?шинх?це?ESVUFR,
2382,х╗??,TW0002382009,1999/1/8,ф╕Кх?,?╗шЕж?КщА▒щ?шинх?це?ESVUFR,
2383,?░х???TW0002383007,1998/11/27,ф╕Кх?,?╗х??╢ч?ф╗╢цен,ESVUFR,
2384,?ЭшПп,TW0002384005,1998/12/19,ф╕Кх?,?ЙщЫ╗це?ESVUFR,
2385,ч╛дх?,TW0002385002,1999/1/5,ф╕Кх?,?╗шЕж?КщА▒щ?шинх?це?ESVUFR,
2387,ч▓╛х?,TW0002387008,1999/1/25,ф╕Кх?,?╗шЕж?КщА▒щ?шинх?це?ESVUFR,
2388,хиБч?,TW0002388006,1999/3/5,ф╕Кх?,?Кх?щлФцен,ESVUFR
2390,ф║Сш╛░,TW0002390002,1999/6/15,ф╕Кх?,?╢ф??╗х?це?ESVUFR,
2392,цн?┤┤,TW0002392008,1999/9/20,ф╕Кх?,?╗х??╢ч?ф╗╢цен,ESVUFR
2393,?Дх?,TW0002393006,1999/11/4,ф╕Кх?,?ЙщЫ╗це?ESVUFR,
2395,?ФшПп,TW0002395001,1999/12/13,ф╕Кх?,?╗шЕж?КщА▒щ?шинх?це?ESVUFR,
2397,?ЛщА?TW0002397007,2000/1/15,ф╕Кх?,?╗шЕж?КщА▒щ?шинх?це?ESVUFR,,
2399,?ац│░,TW0002399003,1999/12/16,ф╕Кх?,?╗шЕж?КщА▒щ?шинх?це?ESVUFR,
2401,?МщЩ╜,TW0002401007,2000/1/27,ф╕Кх?,?Кх?щлФцен,ESVUFR
2402,цпЕх?,TW0002402005,2000/1/14,ф╕Кх?,?╗х??╢ч?ф╗╢цен,ESVUFR
2404,ц╝вх?,TW0002404001,2000/3/14,ф╕Кх?,?╢ф??╗х?це?ESVUFR,
2405,ц╡йщСл,TW0002405008,2000/3/17,ф╕Кх?,?╗шЕж?КщА▒щ?шинх?це?ESVUFR,
2406,?Лчвй,TW0002406006,2000/4/29,ф╕Кх?,?ЙщЫ╗це?ESVUFR,
2408,?Чф?чз?TW0002408002,2000/8/17,ф╕Кх?,?Кх?щлФцен,ESVUFR,
2409,?Лщ?,TW0002409000,2000/9/8,ф╕Кх?,?ЙщЫ╗це?ESVUFR,
2412,ф╕ншПп??TW0002412004,2000/10/27,ф╕Кх?,?Ъф┐бч╢▓ш╖пце?ESVUFR,,
2413,?░ч?,TW0002413002,2000/9/11,ф╕Кх?,?╗х??╢ч?ф╗╢цен,ESVUFR
2414,ч▓╛ц?,TW0002414000,2000/9/11,ф╕Кх?,?╗х??Ъш╖пце?ESVUFR,
2415,?йцЦ░,TW0002415007,2000/9/11,ф╕Кх?,?╗х??╢ч?ф╗╢цен,ESVUFR
2417,?Ух?,TW0002417003,2000/9/11,ф╕Кх?,?╗шЕж?КщА▒щ?шинх?це?ESVUFR,
2419,ф╗▓чРж,TW0002419009,2000/9/11,ф╕Кх?,?Ъф┐бч╢▓ш╖пце?ESVUFR,
2420,?░х╖и,TW0002420007,2000/9/11,ф╕Кх?,?╗х??╢ч?ф╗╢цен,ESVUFR
2421,х╗║ц?,TW0002421005,2000/9/11,ф╕Кх?,?╗х??╢ч?ф╗╢цен,ESVUFR
2423,?║ч╖п,TW0002423001,2000/9/11,ф╕Кх?,?╢ф??╗х?це?ESVUFR,
2424,?┤шПп,TW0002424009,2000/9/11,ф╕Кх?,?╗шЕж?КщА▒щ?шинх?це?ESVUFR,
2425,?┐х?,TW0002425006,2000/9/11,ф╕Кх?,?╗шЕж?КщА▒щ?шинх?це?ESVUFR,
2426,щ╝Ох?,TW0002426004,2000/9/11,ф╕Кх?,?ЙщЫ╗це?ESVUFR,
2427,ф╕Йх???TW0002427002,2000/9/11,ф╕Кх?,ш│Зш??Нх?це?ESVUFR,,
2428,?ИхЛд,TW0002428000,2000/9/11,ф╕Кх?,?╗х??╢ч?ф╗╢цен,ESVUFR
2429,?ШцЧ║чз?TW0002429008,2000/9/11,ф╕Кх?,?╗х??╢ч?ф╗╢цен,ESVUFR,
2430,?жхЭд,TW0002430006,2000/9/11,ф╕Кх?,?╗х??Ъш╖пце?ESVUFR,
2431,?пц?,TW0002431004,2000/9/11,ф╕Кх?,?╗х??╢ч?ф╗╢цен,ESVUFR
2433,ф║Тч???TW0002433000,2000/9/11,ф╕Кх?,?╢ф??╗х?це?ESVUFR,,
2434,ч╡▒ц?,TW0002434008,2000/9/11,ф╕Кх?,?Кх?щлФцен,ESVUFR
2436,?Йшйо??TW0002436003,2000/9/11,ф╕Кх?,?Кх?щлФцен,ESVUFR,
2437,?║шйо,TW0002437001,2000/9/11,ф╕Кх?,?╗х??╢ч?ф╗╢цен,ESVUFR
2438,ч┐ФшАА,TW0002438009,2000/9/11,ф╕Кх?,?ЙщЫ╗це?ESVUFR,
2439,ч╛Ох?,TW0002439007,2000/9/11,ф╕Кх?,?Ъф┐бч╢▓ш╖пце?ESVUFR,
2440,хдкчй║цв?TW0002440005,2000/11/10,ф╕Кх?,?╗х??╢ч?ф╗╢цен,ESVUFR,
2441,ш╢Еш?,TW0002441003,2000/10/26,ф╕Кх?,?Кх?щлФцен,ESVUFR
2442,?░ч?щ╜?TW0002442001,2000/11/22,ф╕Кх?,?╗шЕж?КщА▒щ?шинх?це?ESVUFR,,
2443,?░хИй??TW0002443009,2001/1/3,ф╕Кх?,?╗х??╢ч?ф╗╢цен,ESVUFR,
2444,?ЛцЧ║,TW0002444007,2000/12/8,ф╕Кх?,?Ъф┐бч╢▓ш╖пце?ESVUFR,
2448,?╢щЫ╗,TW0002448008,2001/5/25,ф╕Кх?,?ЙщЫ╗це?ESVUFR,
2449,ф║мх???TW0002449006,2001/5/9,ф╕Кх?,?Кх?щлФцен,ESVUFR,
2450,чеЮшЕж,TW0002450004,2001/5/24,ф╕Кх?,?Ъф┐бч╢▓ш╖пце?ESVUFR,
2451,?╡ш?,TW0002451002,2001/5/3,ф╕Кх?,?Кх?щлФцен,ESVUFR
2453,?Мч╛д,TW0002453008,2001/5/22,ф╕Кх?,ш│Зш??Нх?це?ESVUFR,
2454,?пчЩ╝чз?TW0002454006,2001/7/23,ф╕Кх?,?Кх?щлФцен,ESVUFR,
2455,?ицЦ░,TW0002455003,2002/1/24,ф╕Кх?,?Ъф┐бч╢▓ш╖пце?ESVUFR,
2456,хеЗх???TW0002456001,2001/9/26,ф╕Кх?,?╗х??╢ч?ф╗╢цен,ESVUFR,
2457,щгЫх?,TW0002457009,2001/9/17,ф╕Кх?,?╗х??╢ч?ф╗╢цен,ESVUFR
2458,ч╛йщ?,TW0002458007,2001/9/17,ф╕Кх?,?Кх?щлФцен,ESVUFR
2459,?жх?,TW0002459005,2001/9/17,ф╕Кх?,?╗х??Ъш╖пце?ESVUFR,
2460,х╗║щА?TW0002460003,2001/9/17,ф╕Кх?,?╗х??╢ч?ф╗╢цен,ESVUFR,
2461,?Йч╛д??TW0002461001,2001/9/17,ф╕Кх?,?╢ф??╗х?це?ESVUFR,,
2462,?пх???TW0002462009,2001/9/17,ф╕Кх?,?╗х??╢ч?ф╗╢цен,ESVUFR,
2464,?Яч?,TW0002464005,2001/9/17,ф╕Кх?,?╢ф??╗х?це?ESVUFR,
2465,щ║ЧшЗ║,TW0002465002,2001/9/19,ф╕Кх?,?╗шЕж?КщА▒щ?шинх?це?ESVUFR,
2466,?аше┐??TW0002466000,2001/9/17,ф╕Кх?,?ЙщЫ╗це?ESVUFR,,
2467,х┐Чш?,TW0002467008,2001/9/17,ф╕Кх?,?╗х??╢ч?ф╗╢цен,ESVUFR
2468,?пч?,TW0002468006,2001/9/17,ф╕Кх?,ш│Зш??Нх?це?ESVUFR,
2471,ш│ЗщА?TW0002471000,2001/9/17,ф╕Кх?,ш│Зш??Нх?це?ESVUFR,,
2472,члЛщ???TW0002472008,2001/9/17,ф╕Кх?,?╗х??╢ч?ф╗╢цен,ESVUFR,
2474,?пц?,TW0002474004,2001/9/17,ф╕Кх?,?╢ф??╗х?це?ESVUFR,
2475,?пц?,TW0002475001,2001/9/17,ф╕Кх?,?ЙщЫ╗це?ESVUFR,
2476,?Ечее,TW0002476009,2001/9/17,ф╕Кх?,?╗х??╢ч?ф╗╢цен,ESVUFR
2477,ч╛Ощ???TW0002477007,2001/9/17,ф╕Кх?,?╢ф??╗х?це?ESVUFR,,
2478,хдзц?,TW0002478005,2001/9/17,ф╕Кх?,?╗х??╢ч?ф╗╢цен,ESVUFR
2480,?жщЩ╜чз?TW0002480001,2001/9/17,ф╕Кх?,ш│Зш??Нх?це?ESVUFR,,
2481,х╝╖ш?,TW0002481009,2001/9/17,ф╕Кх?,?Кх?щлФцен,ESVUFR
2482,???,TW0002482007,2001/9/17,ф╕Кх?,?╢ф??╗х?це?ESVUFR,
2483,?╛хо╣,TW0002483005,2001/9/17,ф╕Кх?,?╗х??╢ч?ф╗╢цен,ESVUFR
2484,х╕МшПп,TW0002484003,2001/9/17,ф╕Кх?,?╗х??╢ч?ф╗╢цен,ESVUFR
2485,?Жш╡л,TW0002485000,2001/9/17,ф╕Кх?,?Ъф┐бч╢▓ш╖пце?ESVUFR,
2486,ф╕Ашй?TW0002486008,2001/9/19,ф╕Кх?,?ЙщЫ╗це?ESVUFR,,
2488,ц╝вх╣│,TW0002488004,2001/9/17,ф╕Кх?,?╢ф??╗х?це?ESVUFR,
2489,?Юш?,TW0002489002,2001/9/17,ф╕Кх?,?ЙщЫ╗це?ESVUFR,
2491,?Йчее??TW0002491008,2001/9/17,ф╕Кх?,?ЙщЫ╗це?ESVUFR,,
2492,?пцЦ░чз?TW0002492006,2001/9/17,ф╕Кх?,?╗х??╢ч?ф╗╢цен,ESVUFR,
2493,?Ъх?,TW0002493004,2002/1/23,ф╕Кх?,?╗х??╢ч?ф╗╢цен,ESVUFR
2495,?ох?,TW0002495009,2002/3/25,ф╕Кх?,?╢ф??╗х?це?ESVUFR,
2496,?Уш?,TW0002496007,2002/3/8,ф╕Кх?,?Ъф┐бч╢▓ш╖пце?ESVUFR,
2497,?бхИй??TW0002497005,2002/2/4,ф╕Кх?,?╢ф??╗х?це?ESVUFR,,
2498,хоПщ???TW0002498003,2002/3/26,ф╕Кх?,?Ъф┐бч╢▓ш╖пце?ESVUFR,,
2499,?▒ш?,TW0002499001,2002/2/19,ф╕Кх?,?ЙщЫ╗це?ESVUFR,
2501,?Лх╗║,TW0002501004,1967/10/28,ф╕Кх?,х╗║ц??ЯщАацен,ESVUFR
2504,?ЛчФв,TW0002504008,1978/3/14,ф╕Кх?,х╗║ц??ЯщАацен,ESVUFR
2505,?Лц?,TW0002505005,1979/11/14,ф╕Кх?,х╗║ц??ЯщАацен,ESVUFR
2506,хдкшин,TW0002506003,1980/2/2,ф╕Кх?,х╗║ц??ЯщАацен,ESVUFR
2509,?ихЭдх╗?TW0002509007,1988/5/20,ф╕Кх?,х╗║ц??ЯщАацен,ESVUFR,
2511,хдкх?,TW0002511003,1991/4/24,ф╕Кх?,х╗║ц??ЯщАацен,ESVUFR
2514,щ╛НщВж,TW0002514007,1992/9/26,ф╕Кх?,?╢ф?це?ESVUFR,
2515,ф╕нх╖е,TW0002515004,1993/3/2,ф╕Кх?,х╗║ц??ЯщАацен,ESVUFR
2516,?░х╗║,TW0002516002,1993/5/25,ф╕Кх?,х╗║ц??ЯщАацен,ESVUFR
2520,?ах╛╖,TW0002520004,1993/10/27,ф╕Кх?,х╗║ц??ЯщАацен,ESVUFR
2524,ф║мх?,TW0002524006,1994/10/18,ф╕Кх?,х╗║ц??ЯщАацен,ESVUFR
2527,хоПч?,TW0002527009,1995/3/6,ф╕Кх?,х╗║ц??ЯщАацен,ESVUFR
2528,?ЗцЩо,TW0002528007,1995/3/10,ф╕Кх?,х╗║ц??ЯщАацен,ESVUFR
2530,?пх╗║,TW0002530003,1995/10/12,ф╕Кх?,х╗║ц??ЯщАацен,ESVUFR
2534,хоПч?,TW0002534005,1996/2/12,ф╕Кх?,х╗║ц??ЯщАацен,ESVUFR
2535,?Фцмгх╖?TW0002535002,1996/3/11,ф╕Кх?,х╗║ц??ЯщАацен,ESVUFR,
2536,хоПцЩо,TW0002536000,1996/3/14,ф╕Кх?,х╗║ц??ЯщАацен,ESVUFR
2537,?пф???TW0002537008,1996/9/6,ф╕Кх?,х╗║ц??ЯщАацен,ESVUFR,
2538,?║ц│░,TW0002538006,1996/11/1,ф╕Кх?,х╗║ц??ЯщАацен,ESVUFR
2539,цл╗шК▒х╗?TW0002539004,1997/7/16,ф╕Кх?,х╗║ц??ЯщАацен,ESVUFR,
2540,?Ых▒▒??TW0002540002,1989/12/26,ф╕Кх?,х╗║ц??ЯщАацен,ESVUFR,
2542,?Их???TW0002542008,1999/5/3,ф╕Кх?,х╗║ц??ЯщАацен,ESVUFR,
2543,?Зц?,TW0002543006,1999/10/15,ф╕Кх?,х╗║ц??ЯщАацен,ESVUFR
2545,?Зч?,TW0002545001,2000/9/11,ф╕Кх?,х╗║ц??ЯщАацен,ESVUFR
2546,?╣хЯ║,TW0002546009,2000/9/11,ф╕Кх?,х╗║ц??ЯщАацен,ESVUFR
2547,?ех???TW0002547007,2000/12/22,ф╕Кх?,х╗║ц??ЯщАацен,ESVUFR,
2548,?пхЫ║,TW0002548005,2002/8/26,ф╕Кх?,х╗║ц??ЯщАацен,ESVUFR
2597,ц╜дх?,TW0002597002,2010/3/26,ф╕Кх?,х╗║ц??ЯщАацен,ESVUFR
2601,?КшИк,TW0002601002,1965/11/4,ф╕Кх?,ш▓┐ц??╛ш▓ице?ESVUFR,
2603,?╖цжо,TW0002603008,1987/9/21,ф╕Кх?,?кщ?це?ESVUFR,
2605,?░ш?,TW0002605003,1989/12/8,ф╕Кх?,?кщ?це?ESVUFR,
2606,шгХц?,TW0002606001,1990/12/8,ф╕Кх?,?кщ?це?ESVUFR,
2607,цжощ?,TW0002607009,1990/12/14,ф╕Кх?,?кщ?це?ESVUFR,
2608,хдзцжо,TW0002608007,1990/12/20,ф╕Кх?,?кщ?це?ESVUFR,
2609,?╜ц?,TW0002609005,1992/4/20,ф╕Кх?,?кщ?це?ESVUFR,
2610,?пшИк,TW0002610003,1993/2/26,ф╕Кх?,?кщ?це?ESVUFR,
2611,х┐Чф┐б,TW0002611001,1993/10/28,ф╕Кх?,?кщ?це?ESVUFR,
2612,ф╕ншИк,TW0002612009,1994/10/20,ф╕Кх?,?кщ?це?ESVUFR,
2613,ф╕нц?,TW0002613007,1995/1/20,ф╕Кх?,?кщ?це?ESVUFR,
2614,?▒цго,TW0002614005,1995/9/23,ф╕Кх?,ш▓┐ц??╛ш▓ице?ESVUFR,
2615,?мц╡╖,TW0002615002,1996/5/16,ф╕Кх?,?кщ?це?ESVUFR,
2616,х▒▒щ?,TW0002616000,1997/11/8,ф╕Кх?,ц▓╣щЫ╗?Гц░гце?ESVUFR,
2617,?░шИк,TW0002617008,1998/6/24,ф╕Кх?,?кщ?це?ESVUFR,
2618,?╖цжо??TW0002618006,2001/9/17,ф╕Кх?,?кщ?це?ESVUFR,,
2634,ц╝вч?,TW0002634003,2014/8/25,ф╕Кх?,?кщ?це?ESVUFR,
2637,F-?зц?,KYG9721M1033,2010/12/1,ф╕Кх?,?кщ?це?ESVUFR,
2642,хоЕщ???TW0002642006,2013/12/12,ф╕Кх?,?кщ?це?ESVUFR,,
2701,?мф?,TW0002701000,1965/3/22,ф╕Кх?,шзА?Йф?це?ESVUFR,
2702,?пх?,TW0002702008,1965/2/14,ф╕Кх?,шзА?Йф?це?ESVUFR,
2704,?Лш?,TW0002704004,1982/11/10,ф╕Кх?,шзА?Йф?це?ESVUFR,
2705,?нч?,TW0002705001,1988/12/24,ф╕Кх?,шзА?Йф?це?ESVUFR,
2706,чммф?х║?TW0002706009,1991/6/25,ф╕Кх?,шзА?Йф?це?ESVUFR,,
2707,?╢шПп,TW0002707007,1998/3/9,ф╕Кх?,шзА?Йф?це?ESVUFR,
2712,?ащ?ф╛?TW0002712007,2013/12/3,ф╕Кх?,шзА?Йф?це?ESVUFR,,
2722,хдПщГ╜,TW0002722006,2012/3/14,ф╕Кх?,шзА?Йф?це?ESVUFR,
2723,F-ч╛Ощ?,KYG4002A1004,2010/11/22,ф╕Кх?,шзА?Йф?це?ESVUFR,
2727,?Лх?,TW0002727005,2012/3/6,ф╕Кх?,шзА?Йф?це?ESVUFR,
2731,?Дч?,TW0002731007,2013/9/24,ф╕Кх?,шзА?Йф?це?ESVUFR,
2801,х╜░щ?,TW0002801008,1962/2/15,ф╕Кх?,?Сш?ф┐ЭщЪкце?ESVUFR,
2809,ф║мх??А,TW0002809001,1983/7/20,ф╕Кх?,?Сш?ф┐ЭщЪкце?ESVUFR,
2812,?░ф╕н?А,TW0002812005,1984/5/15,ф╕Кх?,?Сш?ф┐ЭщЪкце?ESVUFR,
2816,?║цЧ║ф┐?TW0002816006,1992/5/5,ф╕Кх?,?Сш?ф┐ЭщЪкце?ESVUFR,,
2820,?пчеи,TW0002820008,1994/10/26,ф╕Кх?,?Сш?ф┐ЭщЪкце?ESVUFR,
2823,ф╕нхг╜,TW0002823002,1995/2/8,ф╕Кх?,?Сш?ф┐ЭщЪкце?ESVUFR,
2832,?░чФв,TW0002832003,1997/9/30,ф╕Кх?,?Сш?ф┐ЭщЪкце?ESVUFR,
2833,?░хг╜ф┐?TW0002833001,1997/10/13,ф╕Кх?,?Сш?ф┐ЭщЪкце?ESVUFR,,
2834,?║ф??А,TW0002834009,1998/1/3,ф╕Кх?,?Сш?ф┐ЭщЪкце?ESVUFR,
2836,щлШщ??А,TW0002836004,1998/5/18,ф╕Кх?,?Сш?ф┐ЭщЪкце?ESVUFR,
2838,?пщВж?А,TW0002838000,1998/6/29,ф╕Кх?,?Сш?ф┐ЭщЪкце?ESVUFR,
2841,?░щ?,TW0002841004,1999/1/8,ф╕Кх?,х╗║ц??ЯщАацен,ESVUFR
2845,?ацЭ▒?А,TW0002845005,1998/11/27,ф╕Кх?,?Сш?ф┐ЭщЪкце?ESVUFR,
2847,хдзчЬ╛?А,TW0002847001,1999/2/4,ф╕Кх?,?Сш?ф┐ЭщЪкце?ESVUFR,
2849,хоЙц│░?А,TW0002849007,1999/9/27,ф╕Кх?,?Сш?ф┐ЭщЪкце?ESVUFR,
2850,?░чФв,TW0002850005,2000/5/22,ф╕Кх?,?Сш?ф┐ЭщЪкце?ESVUFR,
2851,ф╕нх?ф┐?TW0002851003,2000/7/6,ф╕Кх?,?Сш?ф┐ЭщЪкце?ESVUFR,,
2852,чммф?ф┐?TW0002852001,2000/11/28,ф╕Кх?,?Сш?ф┐ЭщЪкце?ESVUFR,,
2855,ч╡▒ф?шн?TW0002855004,2002/9/16,ф╕Кх?,?Сш?ф┐ЭщЪкце?ESVUFR,,
2856,?Гх?шн?TW0002856002,2002/9/16,ф╕Кх?,?Сш?ф┐ЭщЪкце?ESVUFR,,
2867,ф╕Йх?хг?TW0002867009,2012/12/18,ф╕Кх?,?Сш?ф┐ЭщЪкце?ESVUFR,,
2880,?пх???TW0002880002,2001/12/19,ф╕Кх?,?Сш?ф┐ЭщЪкце?ESVUFR,,
2881,хпМщВж??TW0002881000,2001/12/19,ф╕Кх?,?Сш?ф┐ЭщЪкце?ESVUFR,,
2882,?Лц│░??TW0002882008,2001/12/31,ф╕Кх?,?Сш?ф┐ЭщЪкце?ESVUFR,,
2883,?ЛчЩ╝??TW0002883006,2001/12/28,ф╕Кх?,?Сш?ф┐ЭщЪкце?ESVUFR,,
2884,?Йх▒▒??TW0002884004,2002/1/28,ф╕Кх?,?Сш?ф┐ЭщЪкце?ESVUFR,,
2885,?Гхдз??TW0002885001,2002/2/4,ф╕Кх?,?Сш?ф┐ЭщЪкце?ESVUFR,,
2886,?Жш???TW0002886009,2002/2/4,ф╕Кх?,?Сш?ф┐ЭщЪкце?ESVUFR,,
2887,?░цЦ░??TW0002887007,2002/2/18,ф╕Кх?,?Сш?ф┐ЭщЪкце?ESVUFR,,
2888,?░х???TW0002888005,2002/2/19,ф╕Кх?,?Сш?ф┐ЭщЪкце?ESVUFR,,
2889,?Лчеи??TW0002889003,2002/3/26,ф╕Кх?,?Сш?ф┐ЭщЪкце?ESVUFR,,
2890,ц░╕ш???TW0002890001,2002/5/9,ф╕Кх?,?Сш?ф┐ЭщЪкце?ESVUFR,,
2891,ф╕нф┐б??TW0002891009,2002/5/17,ф╕Кх?,?Сш?ф┐ЭщЪкце?ESVUFR,,
2892,чммф???TW0002892007,2003/1/2,ф╕Кх?,?Сш?ф┐ЭщЪкце?ESVUFR,,
2901,цм?мг,TW0002901006,1976/5/7,ф╕Кх?,ш▓┐ц??╛ш▓ице?ESVUFR,
2903,?ачЩ╛,TW0002903002,1978/10/11,ф╕Кх?,ш▓┐ц??╛ш▓ице?ESVUFR,
2904,?пх?,TW0002904000,1983/1/5,ф╕Кх?,?╢ф?це?ESVUFR,
2905,ф╕Йх?,TW0002905007,1988/9/19,ф╕Кх?,ш▓┐ц??╛ш▓ице?ESVUFR,
2906,щлШц?,TW0002906005,1989/12/26,ф╕Кх?,ш▓┐ц??╛ш▓ице?ESVUFR,
2908,?╣х?,TW0002908001,1993/2/18,ф╕Кх?,ш▓┐ц??╛ш▓ице?ESVUFR,
2910,ч╡▒щ?,TW0002910007,1996/12/30,ф╕Кх?,ш▓┐ц??╛ш▓ице?ESVUFR,
2911,щ║Чхм░??TW0002911005,1997/1/18,ф╕Кх?,ш▓┐ц??╛ш▓ице?ESVUFR,,
2912,ч╡▒ф?ш╢?TW0002912003,1997/8/22,ф╕Кх?,ш▓┐ц??╛ш▓ице?ESVUFR,,
2913,ш╛▓ц?,TW0002913001,1962/2/9,ф╕Кх?,ш▓┐ц??╛ш▓ице?ESVUFR,
2915,ц╜дц│░??TW0002915006,1977/7/20,ф╕Кх?,ш▓┐ц??╛ш▓ице?ESVUFR,,
2923,F-щ╝ОхЫ║,KYG8190L1095,2012/12/7,ф╕Кх?,х╗║ц??ЯщАацен,ESVUFR
2929,F-ц╖Шх?,KYG8922A1085,2013/12/30,ф╕Кх?,ш▓┐ц??╛ш▓ице?ESVUFR,
3002,цнРца╝,TW0003002002,2002/1/23,ф╕Кх?,?╗шЕж?КщА▒щ?шинх?це?ESVUFR,
3003,?ех???TW0003003000,2002/2/19,ф╕Кх?,?╗х??╢ч?ф╗╢цен,ESVUFR,
3004,ш▒Рщ?чз?TW0003004008,2002/2/25,ф╕Кх?,?╝щР╡х╖ецен,ESVUFR,
3005,чеЮхЯ║,TW0003005005,2002/2/25,ф╕Кх?,?╗шЕж?КщА▒щ?шинх?це?ESVUFR,
3006,?╢ш▒кчз?TW0003006003,2002/3/4,ф╕Кх?,?Кх?щлФцен,ESVUFR,
3008,хдзч???TW0003008009,2002/3/11,ф╕Кх?,?ЙщЫ╗це?ESVUFR,,
3010,?пч?,TW0003010005,2002/7/22,ф╕Кх?,?╗х??Ъш╖пце?ESVUFR,
3011,ф╗Кч?,TW0003011003,2002/7/22,ф╕Кх?,?╗х??╢ч?ф╗╢цен,ESVUFR
3013,?Ящ???TW0003013009,2002/9/16,ф╕Кх?,?╗шЕж?КщА▒щ?шинх?це?ESVUFR,,
3014,?пщЩ╜,TW0003014007,2002/10/29,ф╕Кх?,?Кх?щлФцен,ESVUFR
3015,?иц╝в,TW0003015004,2002/10/16,ф╕Кх?,?╗х??╢ч?ф╗╢цен,ESVUFR
3016,?ЙцЩ╢,TW0003016002,2002/12/24,ф╕Кх?,?Кх?щлФцен,ESVUFR
3017,хеЗщ?,TW0003017000,2002/9/27,ф╕Кх?,?╗шЕж?КщА▒щ?шинх?це?ESVUFR,
3018,?Мщ?,TW0003018008,2002/8/26,ф╕Кх?,?╢ф??╗х?це?ESVUFR,
3019,ф║Юх?,TW0003019006,2002/8/26,ф╕Кх?,?ЙщЫ╗це?ESVUFR,
3021,щ┤╗х?,TW0003021002,2002/8/26,ф╕Кх?,?╗х??╢ч?ф╗╢цен,ESVUFR
3022,хиБх╝╖??TW0003022000,2002/8/26,ф╕Кх?,?╗шЕж?КщА▒щ?шинх?це?ESVUFR,,
3023,ф┐бщВж,TW0003023008,2002/8/26,ф╕Кх?,?╗х??╢ч?ф╗╢цен,ESVUFR
3024,?╢шБ▓,TW0003024006,2002/8/26,ф╕Кх?,?ЙщЫ╗це?ESVUFR,
3025,?ЯщА?TW0003025003,2002/8/26,ф╕Кх?,?Ъф┐бч╢▓ш╖пце?ESVUFR,,
3026,чж╛ф╝╕??TW0003026001,2002/8/26,ф╕Кх?,?╗х??╢ч?ф╗╢цен,ESVUFR,
3027,?Ыщ?,TW0003027009,2002/8/26,ф╕Кх?,?Ъф┐бч╢▓ш╖пце?ESVUFR,
3028,хвЮф?х╝?TW0003028007,2002/8/26,ф╕Кх?,?╗х??Ъш╖пце?ESVUFR,,
3029,?╢хг╣,TW0003029005,2002/8/26,ф╕Кх?,ш│Зш??Нх?це?ESVUFR,
3030,х╛╖х?,TW0003030003,2002/10/29,ф╕Кх?,?╢ф??╗х?це?ESVUFR,
3031,ф╜░щ┤╗,TW0003031001,2002/8/26,ф╕Кх?,?ЙщЫ╗це?ESVUFR,
3032,?Йш?,TW0003032009,2002/8/26,ф╕Кх?,?╗х??╢ч?ф╗╢цен,ESVUFR
3033,хиБхБе,TW0003033007,2002/8/26,ф╕Кх?,?╗х??Ъш╖пце?ESVUFR,
3034,?пш?,TW0003034005,2002/8/26,ф╕Кх?,?Кх?щлФцен,ESVUFR
3035,?║х?,TW0003035002,2002/8/26,ф╕Кх?,?Кх?щлФцен,ESVUFR
3036,?Зц?,TW0003036000,2002/8/26,ф╕Кх?,?╗х??Ъш╖пце?ESVUFR,
3037,цм??,TW0003037008,2002/8/26,ф╕Кх?,?╗х??╢ч?ф╗╢цен,ESVUFR
3038,?ихП░,TW0003038006,2002/8/26,ф╕Кх?,?ЙщЫ╗це?ESVUFR,
3040,?аш?,TW0003040002,2002/8/26,ф╕Кх?,?╗х??Ъш╖пце?ESVUFR,
3041,?ЪцЩ║,TW0003041000,2002/8/26,ф╕Кх?,?Кх?щлФцен,ESVUFR
3042,?╢ц?,TW0003042008,2002/8/26,ф╕Кх?,?╗х??╢ч?ф╗╢цен,ESVUFR
3043,чзСщви,TW0003043006,2002/8/26,ф╕Кх?,?╢ф??╗х?це?ESVUFR,
3044,?ещ?,TW0003044004,2002/8/26,ф╕Кх?,?╗х??╢ч?ф╗╢цен,ESVUFR
3045,?░чБгхд?TW0003045001,2002/8/26,ф╕Кх?,?Ъф┐бч╢▓ш╖пце?ESVUFR,,
3046,х╗║ч?,TW0003046009,2002/8/26,ф╕Кх?,?╗шЕж?КщА▒щ?шинх?це?ESVUFR,
3047,шиКш?,TW0003047007,2002/8/26,ф╕Кх?,?Ъф┐бч╢▓ш╖пце?ESVUFR,
3048,?КчЩ╗,TW0003048005,2002/10/1,ф╕Кх?,?╗х??Ъш╖пце?ESVUFR,
3049,?МщСл,TW0003049003,2002/9/27,ф╕Кх?,?ЙщЫ╗це?ESVUFR,
3050,?║х╛╖,TW0003050001,2002/10/29,ф╕Кх?,?ЙщЫ╗це?ESVUFR,
3051,?ЫчЙ╣,TW0003051009,2002/10/28,ф╕Кх?,?ЙщЫ╗це?ESVUFR,
3052,хдЖхЕ╕,TW0003052007,1995/11/25,ф╕Кх?,х╗║ц??ЯщАацен,ESVUFR
3054,?мх?,TW0003054003,2002/11/18,ф╕Кх?,?Кх?щлФцен,ESVUFR
3055,?ЪшПпчз?TW0003055000,2002/12/12,ф╕Кх?,?╗х??Ъш╖пце?ESVUFR,,
3056,ч╕╜хдк,TW0003056008,2003/3/3,ф╕Кх?,х╗║ц??ЯщАацен,ESVUFR
3057,?мщ?,TW0003057006,2002/12/18,ф╕Кх?,?╗шЕж?КщА▒щ?шинх?це?ESVUFR,
3058,члЛх╛╖,TW0003058004,2002/12/9,ф╕Кх?,?╗х??╢ч?ф╗╢цен,ESVUFR
3059,?пцЩ╢чз?TW0003059002,2002/12/24,ф╕Кх?,?ЙщЫ╗це?ESVUFR,,
3060,?ШчХ░,TW0003060000,2003/4/21,ф╕Кх?,?╗шЕж?КщА▒щ?шинх?це?ESVUFR,
3062,х╗║ц╝в,TW0003062006,2003/7/28,ф╕Кх?,?Ъф┐бч╢▓ш╖пце?ESVUFR,
3090,?ещЫ╗ш▓?TW0003090007,2007/12/31,ф╕Кх?,?╗х??╢ч?ф╗╢цен,ESVUFR,
3094,?пх?,TW0003094009,2007/8/6,ф╕Кх?,?Кх?щлФцен,ESVUFR
3130,ф╕А?╢х?,TW0003130001,2006/2/17,ф╕Кх?,ш│Зш??Нх?це?ESVUFR,
3149,цн??,TW0003149001,2011/11/23,ф╕Кх?,?ЙщЫ╗це?ESVUFR,
3164,?пх▓│,TW0003164000,2010/3/22,ф╕Кх?,?Яц??лч?це?ESVUFR,
3167,хдзщ?,TW0003167003,2013/10/21,ф╕Кх?,?╗ц?цйЯцв░,ESVUFR
3189,?пчвй,TW0003189007,2004/11/1,ф╕Кх?,?Кх?щлФцен,ESVUFR
3209,?ич?,TW0003209003,2008/11/26,ф╕Кх?,?╗х??Ъш╖пце?ESVUFR,
3229,?ЯщИж,TW0003229001,2009/12/31,ф╕Кх?,?╗х??╢ч?ф╗╢цен,ESVUFR
3231,ч╖пхЙ╡,TW0003231007,2003/8/19,ф╕Кх?,?╗шЕж?КщА▒щ?шинх?це?ESVUFR,
3257,?╣х???TW0003257002,2011/3/21,ф╕Кх?,?Кх?щлФцен,ESVUFR,
3266,?ЗщЩ╜,TW0003266003,2014/12/24,ф╕Кх?,х╗║ц??ЯщАацен,ESVUFR
3296,?Эх╛╖,TW0003296000,2007/12/31,ф╕Кх?,?╗х??╢ч?ф╗╢цен,ESVUFR
3305,?Зш▓┐,TW0003305009,2008/7/10,ф╕Кх?,?╢ф??╗х?це?ESVUFR,
3308,?пх╛╖,TW0003308003,2008/3/12,ф╕Кх?,?╗х??╢ч?ф╗╢цен,ESVUFR
3311,?Оц?,TW0003311007,2004/3/8,ф╕Кх?,?Ъф┐бч╢▓ш╖пце?ESVUFR,
3312,х╝ШцЖ╢??TW0003312005,2010/12/29,ф╕Кх?,?╗х??Ъш╖пце?ESVUFR,,
3315,хо?Ш╢,TW0003315008,2006/10/26,ф╕Кх?,?╗х??Ъш╖пце?ESVUFR,
3338,ц│░чвй,TW0003338000,2013/12/13,ф╕Кх?,?╗х??╢ч?ф╗╢цен,ESVUFR
3356,хеЗхБ╢,TW0003356002,2005/3/28,ф╕Кх?,?ЙщЫ╗це?ESVUFR,
3376,?░цЧе??TW0003376000,2007/12/31,ф╕Кх?,?╗х??╢ч?ф╗╢цен,ESVUFR,
3380,?Оц│░,TW0003380002,2004/12/20,ф╕Кх?,?Ъф┐бч╢▓ш╖пце?ESVUFR,
3383,?░ф?ч┤А,TW0003383006,2007/12/10,ф╕Кх?,?ЙщЫ╗це?ESVUFR,
3406,?ЙцЩ╢??TW0003406005,2005/12/20,ф╕Кх?,?ЙщЫ╗це?ESVUFR,,
3416,?Нч???TW0003416004,2015/1/23,ф╕Кх?,?╗шЕж?КщА▒щ?шинх?це?ESVUFR,,
3419,шнБш?,TW0003419008,2008/1/21,ф╕Кх?,?Ъф┐бч╢▓ш╖пце?ESVUFR,
3432,?░члп,TW0003432001,2010/12/30,ф╕Кх?,?╗х??╢ч?ф╗╢цен,ESVUFR
3437,цжохЙ╡,TW0003437000,2014/7/9,ф╕Кх?,?ЙщЫ╗це?ESVUFR,
3443,?╡ц?,TW0003443008,2006/11/3,ф╕Кх?,?Кх?щлФцен,ESVUFR
3450,?пщ?,TW0003450003,2006/4/12,ф╕Кх?,?╢ф??╗х?це?ESVUFR,
3454,?╢чЭ┐,TW0003454005,2011/7/22,ф╕Кх?,?ЙщЫ╗це?ESVUFR,
3474,?пф?чз?TW0003474003,2006/3/17,ф╕Кх?,?Кх?щлФцен,ESVUFR,
3481,ч╛дхЙ╡,TW0003481008,2006/10/24,ф╕Кх?,?ЙщЫ╗це?ESVUFR,
3494,шкач?,TW0003494001,2007/12/13,ф╕Кх?,?╗шЕж?КщА▒щ?шинх?це?ESVUFR,
3501,ч╢нчЖ╣,TW0003501003,2007/9/20,ф╕Кх?,?╗х??╢ч?ф╗╢цен,ESVUFR
3504,?Ъц???TW0003504007,2007/1/26,ф╕Кх?,?ЙщЫ╗це?ESVUFR,,
3514,?▒цЩ╢,TW0003514006,2007/11/2,ф╕Кх?,?ЙщЫ╗це?ESVUFR,
3515,?пц?,TW0003515003,2007/11/8,ф╕Кх?,?╗шЕж?КщА▒щ?шинх?це?ESVUFR,
3518,?Пщи░,TW0003518007,2007/11/28,ф╕Кх?,?╢ф??╗х?це?ESVUFR,
3519,ч╢ашГ╜,TW0003519005,2008/1/25,ф╕Кх?,?Кх?щлФцен,ESVUFR
3532,?░х?чз?TW0003532008,2007/12/10,ф╕Кх?,?Кх?щлФцен,ESVUFR,
3533,?Йц╛д,TW0003533006,2007/12/10,ф╕Кх?,?╗х??╢ч?ф╗╢цен,ESVUFR
3535,?╢х╜йчз?TW0003535001,2008/1/31,ф╕Кх?,?ЙщЫ╗це?ESVUFR,,
3536,шкахЙ╡,TW0003536009,2008/4/30,ф╕Кх?,?ЙщЫ╗це?ESVUFR,
3545,?жц│░,TW0003545000,2007/7/3,ф╕Кх?,?Кх?щлФцен,ESVUFR
3550,?пч?,TW0003550000,2010/11/10,ф╕Кх?,?╗х??╢ч?ф╗╢цен,ESVUFR
3557,?Йх?,TW0003557005,2008/2/27,ф╕Кх?,?ЙщЫ╗це?ESVUFR,
3559,?ицЩ║чз?TW0003559001,2008/10/23,ф╕Кх?,?Кх?щлФцен,ESVUFR,
3561,?ЗщЩ╜чз?TW0003561007,2008/12/5,ф╕Кх?,?ЙщЫ╗це?ESVUFR,,
3573,чйОхП░,TW0003573002,2009/8/26,ф╕Кх?,?ЙщЫ╗це?ESVUFR,
3576,?░цЧе??TW0003576005,2009/1/12,ф╕Кх?,?ЙщЫ╗це?ESVUFR,,
3579,х░Ъх?,TW0003579009,2009/12/23,ф╕Кх?,?Кх?щлФцен,ESVUFR
3583,ш╛ЫшА?TW0003583001,2013/3/12,ф╕Кх?,?Кх?щлФцен,ESVUFR,
3584,ф╗ЛщЭв,TW0003584009,2010/7/27,ф╕Кх?,?ЙщЫ╗це?ESVUFR,
3588,?Ъх?,TW0003588000,2009/8/14,ф╕Кх?,?Кх?щлФцен,ESVUFR
3591,?╛ч?цг?TW0003591004,2010/11/12,ф╕Кх?,?ЙщЫ╗це?ESVUFR,,
3593,?Ыщ?,TW0003593000,2009/3/16,ф╕Кх?,?ЙщЫ╗це?ESVUFR,
3596,?║ц?,TW0003596003,2009/3/11,ф╕Кх?,?Ъф┐бч╢▓ш╖пце?ESVUFR,
3598,хеХх?,TW0003598009,2011/1/11,ф╕Кх?,?Кх?щлФцен,ESVUFR
3605,хоПшЗ┤,TW0003605002,2009/3/26,ф╕Кх?,?╗х??╢ч?ф╗╢цен,ESVUFR
3607,ш░╖х┤з,TW0003607008,2009/10/28,ф╕Кх?,?╗х??╢ч?ф╗╢цен,ESVUFR
3617,чвйхдй,TW0003617007,2009/12/23,ф╕Кх?,?╢ф??╗х?це?ESVUFR,
3622,ц┤ЛшПп,TW0003622007,2009/3/25,ф╕Кх?,?ЙщЫ╗це?ESVUFR,
3645,?Фщ?,TW0003645008,2011/10/5,ф╕Кх?,?╗х??╢ч?ф╗╢цен,ESVUFR
3653,?еч?,TW0003653002,2009/11/18,ф╕Кх?,?╗х??╢ч?ф╗╢цен,ESVUFR
3661,F-ф╕ЦшКп,KYG022421088,2010/12/23,ф╕Кх?,?Кх?щлФцен,ESVUFR
3665,F-ш▓┐шБп,KYG114741062,2011/4/21,ф╕Кх?,?╢ф??╗х?це?ESVUFR,
3669,?Ух?,TW0003669008,2011/8/25,ф╕Кх?,?ЙщЫ╗це?ESVUFR,
3679,?░шЗ│??TW0003679007,2011/10/5,ф╕Кх?,?╗х??╢ч?ф╗╢цен,ESVUFR,
3682,ф║Юхдк??TW0003682001,2013/8/5,ф╕Кх?,?Ъф┐бч╢▓ш╖пце?ESVUFR,,
3686,?ФшГ╜,TW0003686002,2010/7/20,ф╕Кх?,?Кх?щлФцен,ESVUFR
3694,ц╡╖шПп,TW0003694006,2011/5/3,ф╕Кх?,?Ъф┐бч╢▓ш╖пце?ESVUFR,
3698,?Жщ?,TW0003698007,2011/9/29,ф╕Кх?,?ЙщЫ╗це?ESVUFR,
3701,хдзчЬ╛??TW0003701009,2004/8/30,ф╕Кх?,?╗шЕж?КщА▒щ?шинх?це?ESVUFR,,
3702,хдзшБпхд?TW0003702007,2005/11/9,ф╕Кх?,?╗х??Ъш╖пце?ESVUFR,,
3703,цм?Щ╕,TW0003703005,2010/4/8,ф╕Кх?,х╗║ц??ЯщАацен,ESVUFR
3704,?ИхЛд??TW0003704003,2010/8/16,ф╕Кх?,?Ъф┐бч╢▓ш╖пце?ESVUFR,,
3705,ц░╕ф┐б,TW0003705000,2011/1/3,ф╕Кх?,?Яц??лч?це?ESVUFR,
3706,чеЮщ?,TW0003706008,2013/9/12,ф╕Кх?,?╗шЕж?КщА▒щ?шинх?це?ESVUFR,
4104,ф╜│щЖл,TW0004104005,2007/12/31,ф╕Кх?,?Яц??лч?це?ESVUFR,
4106,?Гх?,TW0004106000,2004/11/8,ф╕Кх?,?Яц??лч?це?ESVUFR,
4108,?╖чЙ╣,TW0004108006,2008/7/16,ф╕Кх?,?Яц??лч?це?ESVUFR,
4119,?нх?,TW0004119003,2004/1/7,ф╕Кх?,?Яц??лч?це?ESVUFR,
4133,ф║Юшл╛ц│?TW0004133004,2009/12/28,ф╕Кх?,?Яц??лч?це?ESVUFR,,
4137,F-щ║Чш?,KYG211641017,2013/11/27,ф╕Кх?,?Яц??лч?це?ESVUFR,
4141,F-щ╛Нч?,KYG7644E1098,2012/4/25,ф╕Кх?,?Яц??лч?це?ESVUFR,
4142,?Лх???TW0004142005,2012/5/3,ф╕Кх?,?Яц??лч?це?ESVUFR,,
4144,F-х║╖шБп,KYG2379A1094,2011/10/5,ф╕Кх?,?Яц??лч?це?ESVUFR,
4164,?┐цен??TW0004164009,2012/10/24,ф╕Кх?,?Яц??лч?це?ESVUFR,,
4306,?Оц┤▓,TW0004306006,2008/1/21,ф╕Кх?,хбСш?х╖ецен,ESVUFR
4414,хжВш?,TW0004414008,2004/9/6,ф╕Кх?,ч┤бч?ч║Цч╢н,ESVUFR
4426,?йхЛд,TW0004426002,2011/12/16,ф╕Кх?,ч┤бч?ч║Цч╢н,ESVUFR
4526,?▒хП░,TW0004526009,2003/9/15,ф╕Кх?,?╗ц?цйЯцв░,ESVUFR
4532,?ЮцЩ║,TW0004532007,2003/8/4,ф╕Кх?,?╗ц?цйЯцв░,ESVUFR
4536,?УхЗ▒,TW0004536008,2013/10/9,ф╕Кх?,?╢ф?це?ESVUFR,
4722,?Лч▓╛??TW0004722004,2012/8/15,ф╕Кх?,?Цхн╕х╖ецен,ESVUFR,
4725,ф┐бц???TW0004725007,2007/10/2,ф╕Кх?,?Цхн╕х╖ецен,ESVUFR,
4733,ф╕Кч╖п,TW0004733001,2010/12/30,ф╕Кх?,?Цхн╕х╖ецен,ESVUFR
4737,?пх╗г,TW0004737002,2010/12/23,ф╕Кх?,?Яц??лч?це?ESVUFR,
4746,?░шАА,TW0004746003,2011/3/1,ф╕Кх?,?Яц??лч?це?ESVUFR,
4755,ф╕Йч???TW0004755004,2013/11/27,ф╕Кх?,?Цхн╕х╖ецен,ESVUFR,
4904,?ахВ│,TW0004904008,2005/8/24,ф╕Кх?,?Ъф┐бч╢▓ш╖пце?ESVUFR,
4906,цн??,TW0004906003,2003/6/30,ф╕Кх?,?Ъф┐бч╢▓ш╖пце?ESVUFR,
4915,?┤ф╝╕,TW0004915004,2012/10/5,ф╕Кх?,?╗шЕж?КщА▒щ?шинх?це?ESVUFR,
4916,ф║Лцмгчз?TW0004916002,2013/11/21,ф╕Кх?,?╗шЕж?КщА▒щ?шинх?це?ESVUFR,,
4919,?░х?,TW0004919006,2010/9/27,ф╕Кх?,?Кх?щлФцен,ESVUFR
4930,?жц?ч╢?TW0004930003,2010/6/21,ф╕Кх?,?╗хЩи?╗ч?,ESVUFR,
4934,хдкце╡,TW0004934005,2010/3/10,ф╕Кх?,?ЙщЫ╗це?ESVUFR,
4935,F-?Вц?,KYG3931M1024,2011/7/28,ф╕Кх?,?ЙщЫ╗це?ESVUFR,
4938,?Мчвй,TW0004938006,2010/6/24,ф╕Кх?,?╗шЕж?КщА▒щ?шинх?це?ESVUFR,
4942,?Йх╜░,TW0004942008,2011/6/27,ф╕Кх?,?ЙщЫ╗це?ESVUFR,
4952,?МщА?TW0004952007,2011/11/1,ф╕Кх?,?Кх?щлФцен,ESVUFR,
4956,?Йщ?,TW0004956008,2011/10/24,ф╕Кх?,?ЙщЫ╗це?ESVUFR,
4958,F-?╗щ?,KYG989221000,2011/12/26,ф╕Кх?,?╗х??╢ч?ф╗╢цен,ESVUFR
4960,хеЗч???TW0004960000,2011/10/24,ф╕Кх?,?ЙщЫ╗це?ESVUFR,,
4976,ф╜│х?,TW0004976006,2012/11/20,ф╕Кх?,?ЙщЫ╗це?ESVUFR,
4977,F-?╛щ?,KYG6956N1034,2013/11/20,ф╕Кх?,?Ъф┐бч╢▓ш╖пце?ESVUFR,
4984,F-чзСч?,KYG190621014,2011/8/31,ф╕Кх?,?Ъф┐бч╢▓ш╖пце?ESVUFR,
4994,?│х?,TW0004994009,2013/12/25,ф╕Кх?,ш│Зш??Нх?це?ESVUFR,
4999,?лчж╛,TW0004999008,2013/6/3,ф╕Кх?,?╗х??╢ч?ф╗╢цен,ESVUFR
5007,ф╕Йц?,TW0005007009,2011/9/16,ф╕Кх?,?╝щР╡х╖ецен,ESVUFR
5203,шиКщА?TW0005203004,2004/9/27,ф╕Кх?,ш│Зш??Нх?це?ESVUFR,,
5215,F-чзСх?,KYG530791022,2011/12/26,ф╕Кх?,?╗шЕж?КщА▒щ?шинх?це?ESVUFR,
5225,F-?▒ч?,KYG291021031,2012/11/5,ф╕Кх?,?╢ф??╗х?це?ESVUFR,
5234,?Фш?,TW0005234009,2012/7/16,ф╕Кх?,?ЙщЫ╗це?ESVUFR,
5243,F-ф╣Щч?,KYG312361051,2013/11/25,ф╕Кх?,?ЙщЫ╗це?ESVUFR,
5259,ц╕Ец?,TW0005259006,2013/12/3,ф╕Кх?,?ЙщЫ╗це?ESVUFR,
5264,F-?зх?,KYG193031096,2013/1/25,ф╕Кх?,?╗шЕж?КщА▒щ?шинх?це?ESVUFR,
5269,чеечвй,TW0005269005,2012/12/12,ф╕Кх?,?Кх?щлФцен,ESVUFR
5285,?Мщ?,TW0005285001,2014/2/25,ф╕Кх?,?Кх?щлФцен,ESVUFR
5288,F-ш▒Рчее,KYG314551014,2014/9/25,ф╕Кх?,?╗ц?цйЯцв░,ESVUFR
5305,?жх?,TW0005305007,2004/7/19,ф╕Кх?,?Кх?щлФцен,ESVUFR
5388,ф╕нч?,TW0005388003,2007/12/3,ф╕Кх?,?Ъф┐бч╢▓ш╖пце?ESVUFR,
5434,х┤Зш?,TW0005434005,2003/8/25,ф╕Кх?,?╗х??Ъш╖пце?ESVUFR,
5469,?Ъх???TW0005469001,2003/8/25,ф╕Кх?,?╗х??╢ч?ф╗╢цен,ESVUFR,
5471,?╛ч┐░,TW0005471007,2003/8/25,ф╕Кх?,?Кх?щлФцен,ESVUFR
5484,?зх?,TW0005484000,2003/8/25,ф╕Кх?,?ЙщЫ╗це?ESVUFR,
5515,х╗║х?,TW0005515001,2003/10/6,ф╕Кх?,х╗║ц??ЯщАацен,ESVUFR
5519,?Жхдз,TW0005519003,2014/2/10,ф╕Кх?,х╗║ц??ЯщАацен,ESVUFR
5521,х╖еф┐б,TW0005521009,2012/12/18,ф╕Кх?,х╗║ц??ЯщАацен,ESVUFR
5522,?ащ?,TW0005522007,2007/8/6,ф╕Кх?,х╗║ц??ЯщАацен,ESVUFR
5525,?Жхдй,TW0005525000,2004/11/26,ф╕Кх?,х╗║ц??ЯщАацен,ESVUFR
5531,?Йц?,TW0005531008,2005/1/31,ф╕Кх?,х╗║ц??ЯщАацен,ESVUFR
5533,?Зщ?,TW0005533004,2008/4/30,ф╕Кх?,х╗║ц??ЯщАацен,ESVUFR
5534,?╖шЩ╣,TW0005534002,2004/5/24,ф╕Кх?,х╗║ц??ЯщАацен,ESVUFR
5538,F-?▒ц?,KYG8919A1031,2013/12/16,ф╕Кх?,?╝щР╡х╖ецен,ESVUFR
5607,?ащ?ц╕?TW0005607006,2004/12/2,ф╕Кх?,?кщ?це?ESVUFR,,
5608,?Ыч╢н??TW0005608004,2003/8/25,ф╕Кх?,?кщ?це?ESVUFR,,
5706,щ││хЗ░,TW0005706006,2011/10/21,ф╕Кх?,шзА?Йф?це?ESVUFR,
5871,F-ф╕нч?,KYG202881093,2011/12/13,ф╕Кх?,?╢ф?це?ESVUFR,
5880,?Их║л??TW0005880009,2011/12/1,ф╕Кх?,?Сш?ф┐ЭщЪкце?ESVUFR,,
5906,F-?░х?,KYG8661M1078,2011/10/24,ф╕Кх?,ш▓┐ц??╛ш▓ице?ESVUFR,
5907,F-хдзц?,KYG4064G1029,2012/6/6,ф╕Кх?,ш▓┐ц??╛ш▓ице?ESVUFR,
6005,ч╛дч?шн?TW0006005002,2005/11/21,ф╕Кх?,?Сш?ф┐ЭщЪкце?ESVUFR,,
6108,чл╢х?,TW0006108004,2008/12/30,ф╕Кх?,?╗х??╢ч?ф╗╢цен,ESVUFR
6112,?Ъчвй,TW0006112006,2003/8/4,ф╕Кх?,ш│Зш??Нх?це?ESVUFR,
6115,?░х?,TW0006115009,2004/7/19,ф╕Кх?,?╗х??╢ч?ф╗╢цен,ESVUFR
6116,х╜йцЩ╢,TW0006116007,2004/9/6,ф╕Кх?,?ЙщЫ╗це?ESVUFR,
6117,ш┐Ох╗г,TW0006117005,2003/8/25,ф╕Кх?,?╗шЕж?КщА▒щ?шинх?це?ESVUFR,
6120,?Фщ?,TW0006120009,2006/9/13,ф╕Кх?,?ЙщЫ╗це?ESVUFR,
6128,ф╕Кч?,TW0006128002,2003/6/16,ф╕Кх?,?╗шЕж?КщА▒щ?шинх?це?ESVUFR,
6131,?ах?,TW0006131006,2004/9/27,ф╕Кх?,?ЙщЫ╗це?ESVUFR,
6133,?Сц?,TW0006133002,2003/8/15,ф╕Кх?,?╗х??╢ч?ф╗╢цен,ESVUFR
6136,хпМчИ╛??TW0006136005,2003/8/25,ф╕Кх?,?Ъф┐бч╢▓ш╖пце?ESVUFR,,
6139,ф║Юч?,TW0006139009,2003/8/25,ф╕Кх?,?╢ф??╗х?це?ESVUFR,
6141,?ПцЙ┐,TW0006141005,2003/10/22,ф╕Кх?,?╗х??╢ч?ф╗╢цен,ESVUFR
6142,?Лх?,TW0006142003,2003/8/4,ф╕Кх?,?Ъф┐бч╢▓ш╖пце?ESVUFR,
6145,?Бц░╕,TW0006145006,2003/8/25,ф╕Кх?,?╗х??Ъш╖пце?ESVUFR,
6152,?╛ф?,TW0006152002,2009/12/8,ф╕Кх?,?Ъф┐бч╢▓ш╖пце?ESVUFR,
6153,?ЙшБп??TW0006153000,2008/1/21,ф╕Кх?,?╗х??╢ч?ф╗╢цен,ESVUFR,
6155,?Юхп╢,TW0006155005,2006/8/18,ф╕Кх?,?╗х??╢ч?ф╗╢цен,ESVUFR
6164,?пш?,TW0006164007,2008/10/21,ф╕Кх?,?ЙщЫ╗це?ESVUFR,
6165,?╖ц│░,TW0006165004,2003/8/4,ф╕Кх?,?╗х??╢ч?ф╗╢цен,ESVUFR
6166,?МшПп,TW0006166002,2004/11/8,ф╕Кх?,?╗шЕж?КщА▒щ?шинх?це?ESVUFR,
6168,хоПщ?,TW0006168008,2003/8/25,ф╕Кх?,?ЙщЫ╗це?ESVUFR,
6172,ф║Тх?,TW0006172000,2004/5/24,ф╕Кх?,?╗шЕж?КщА▒щ?шинх?це?ESVUFR,
6176,?Юх?,TW0006176001,2007/5/15,ф╕Кх?,?ЙщЫ╗це?ESVUFR,
6177,?Фщ?,TW0006177009,2013/8/1,ф╕Кх?,х╗║ц??ЯщАацен,ESVUFR
6183,?Ьш▓┐,TW0006183007,2011/12/1,ф╕Кх?,ш│Зш??Нх?це?ESVUFR,
6184,хдзш???TW0006184005,2005/2/15,ф╕Кх?,?╢ф?це?ESVUFR,,
6189,ш▒Рш?,TW0006189004,2004/5/24,ф╕Кх?,?╗х??Ъш╖пце?ESVUFR,
6191,ч▓╛ц?чз?TW0006191000,2007/10/19,ф╕Кх?,?╗х??╢ч?ф╗╢цен,ESVUFR,
6192,х╖иш╖п,TW0006192008,2004/9/27,ф╕Кх?,?╢ф??╗х?це?ESVUFR,
6196,х╕Жхог,TW0006196009,2004/5/24,ф╕Кх?,?╢ф??╗х?це?ESVUFR,
6197,ф╜│х???TW0006197007,2004/11/8,ф╕Кх?,?╗х??╢ч?ф╗╢цен,ESVUFR,
6201,ф║Юх???TW0006201007,2004/9/27,ф╕Кх?,?╢ф??╗х?це?ESVUFR,,
6202,?Ыч╛д,TW0006202005,2004/9/27,ф╕Кх?,?Кх?щлФцен,ESVUFR
6205,шйоцмг,TW0006205008,2008/1/21,ф╕Кх?,?╗х??╢ч?ф╗╢цен,ESVUFR
6206,щгЫцН╖,TW0006206006,2004/8/3,ф╕Кх?,?╗шЕж?КщА▒щ?шинх?це?ESVUFR,
6209,ф╗Кх???TW0006209000,2004/11/8,ф╕Кх?,?ЙщЫ╗це?ESVUFR,,
6213,?пш?,TW0006213002,2008/1/21,ф╕Кх?,?╗х??╢ч?ф╗╢цен,ESVUFR
6214,ч▓╛ш?,TW0006214000,2010/12/30,ф╕Кх?,ш│Зш??Нх?це?ESVUFR,
6215,?Мцд┐,TW0006215007,2007/12/31,ф╕Кх?,?╢ф??╗х?це?ESVUFR,
6216,х▒Ец?,TW0006216005,2004/9/27,ф╕Кх?,?Ъф┐бч╢▓ш╖пце?ESVUFR,
6224,?Ъщ?,TW0006224009,2009/9/17,ф╕Кх?,?╗х??╢ч?ф╗╢цен,ESVUFR
6225,хдйчА?TW0006225006,2004/9/27,ф╕Кх?,?ЙщЫ╗це?ESVUFR,,
6226,?Йщ?,TW0006226004,2008/11/10,ф╕Кх?,?ЙщЫ╗це?ESVUFR,
6230,ш╢ЕчЬ╛,TW0006230006,2010/9/16,ф╕Кх?,?╗шЕж?КщА▒щ?шинх?це?ESVUFR,
6235,?пх?,TW0006235005,2004/8/23,ф╕Кх?,?╗шЕж?КщА▒щ?шинх?це?ESVUFR,
6239,?Ыц?,TW0006239007,2004/11/8,ф╕Кх?,?Кх?щлФцен,ESVUFR
6243,ш┐ЕцЭ░,TW0006243009,2009/12/17,ф╕Кх?,?Кх?щлФцен,ESVUFR
6251,хоЪч?,TW0006251002,2009/3/18,ф╕Кх?,?╗х??╢ч?ф╗╢цен,ESVUFR
6257,?╜ца╝,TW0006257009,2003/8/25,ф╕Кх?,?Кх?щлФцен,ESVUFR
6269,?░щГб,TW0006269004,2003/9/23,ф╕Кх?,?╗х??╢ч?ф╗╢цен,ESVUFR
6271,?Мцмг??TW0006271000,2007/11/16,ф╕Кх?,?Кх?щлФцен,ESVUFR,
6277,хоПцнг,TW0006277007,2003/10/30,ф╕Кх?,?╗шЕж?КщА▒щ?шинх?це?ESVUFR,
6278,?░шбичз?TW0006278005,2010/8/24,ф╕Кх?,?ЙщЫ╗це?ESVUFR,,
6281,?их???TW0006281009,2005/12/8,ф╕Кх?,?╗х??Ъш╖пце?ESVUFR,,
6282,х║╖ш?,TW0006282007,2003/9/8,ф╕Кх?,?╗х??╢ч?ф╗╢цен,ESVUFR
6283,ц╖│х?,TW0006283005,2008/1/21,ф╕Кх?,?Ъф┐бч╢▓ш╖пце?ESVUFR,
6285,?Яч?,TW0006285000,2003/9/22,ф╕Кх?,?Ъф┐бч╢▓ш╖пце?ESVUFR,
6286,члЛщМб,TW0006286008,2003/10/21,ф╕Кх?,?Кх?щлФцен,ESVUFR
6289,?пф?,TW0006289002,2003/8/28,ф╕Кх?,?ЙщЫ╗це?ESVUFR,
6405,?Ех?,TW0006405004,2013/11/28,ф╕Кх?,?ЙщЫ╗це?ESVUFR,
6409,?нщЪ╝,TW0006409006,2014/3/31,ф╕Кх?,?╢ф??╗х?це?ESVUFR,
6412,ч╛дщЫ╗,TW0006412000,2013/11/8,ф╕Кх?,?╗х??╢ч?ф╗╢цен,ESVUFR
6414,ци║ц╝в,TW0006414006,2014/3/28,ф╕Кх?,?╗шЕж?КщА▒щ?шинх?це?ESVUFR,
6415,F-?╜х?,KYG8190F1028,2013/12/12,ф╕Кх?,?Кх?щлФцен,ESVUFR
6422,F-?ЫшАА,KYG136861039,2014/12/27,ф╕Кх?,?╗х??╢ч?ф╗╢цен,ESVUFR
6431,F-?Йщ?,KYG532651075,2014/12/4,ф╕Кх?,?ЙщЫ╗це?ESVUFR,
6449,?║щВж,TW0006449002,2014/12/9,ф╕Кх?,?╗х??╢ч?ф╗╢цен,ESVUFR
6504,?ЧхЕн,TW0006504004,2013/5/7,ф╕Кх?,?╢ф?це?ESVUFR,
6505,?░х???TW0006505001,2003/12/26,ф╕Кх?,ц▓╣щЫ╗?Гц░гце?ESVUFR,,
6605,х╕Эхп╢,TW0006605009,2004/3/17,ф╕Кх?,?╗ц?цйЯцв░,ESVUFR
6702,?ИшИк,TW0006702004,2011/11/1,ф╕Кх?,?кщ?це?ESVUFR,
8011,?░щА?TW0008011008,2011/9/19,ф╕Кх?,?Ъф┐бч╢▓ш╖пце?ESVUFR,,
8016,?╜хЙ╡,TW0008016007,2003/12/25,ф╕Кх?,?Кх?щлФцен,ESVUFR
8021,х░Цщ?,TW0008021007,2008/1/21,ф╕Кх?,?╢ф??╗х?це?ESVUFR,
8033,?╖ш?,TW0008033002,2007/6/21,ф╕Кх?,?╢ф?це?ESVUFR,
8039,?░шЩ╣,TW0008039009,2009/12/17,ф╕Кх?,?╗х??╢ч?ф╗╢цен,ESVUFR
8046,?ЧщЫ╗,TW0008046004,2006/4/7,ф╕Кх?,?╗х??╢ч?ф╗╢цен,ESVUFR
8070,?╖шПп,TW0008070004,2007/12/31,ф╕Кх?,?╗х??Ъш╖пце?ESVUFR,
8072,?Юц│░,TW0008072000,2005/8/19,ф╕Кх?,?ЙщЫ╗це?ESVUFR,
8081,?┤цЦ░,TW0008081001,2008/12/30,ф╕Кх?,?Кх?щлФцен,ESVUFR
8101,?пх?,TW0008101007,2004/7/1,ф╕Кх?,?Ъф┐бч╢▓ш╖пце?ESVUFR,
8103,?Ъш?,TW0008103003,2009/9/29,ф╕Кх?,?╗х??╢ч?ф╗╢цен,ESVUFR
8105,?Мх╖и,TW0008105008,2006/12/27,ф╕Кх?,?ЙщЫ╗це?ESVUFR,
8110,?пцЭ▒,TW0008110008,2007/10/31,ф╕Кх?,?Кх?щлФцен,ESVUFR
8112,?│ф?,TW0008112004,2007/12/31,ф╕Кх?,?╗х??Ъш╖пце?ESVUFR,
8114,?пци║??TW0008114000,2012/11/26,ф╕Кх?,?╗шЕж?КщА▒щ?шинх?це?ESVUFR,,
8131,чжПц?чз?TW0008131004,2007/11/29,ф╕Кх?,?Кх?щлФцен,ESVUFR,
8150,?Чш?,TW0008150004,2014/4/11,ф╕Кх?,?Кх?щлФцен,ESVUFR
8163,?ФцЦ╣,TW0008163007,2007/11/28,ф╕Кх?,?╗шЕж?КщА▒щ?шинх?це?ESVUFR,
8201,?бцХ╡,TW0008201005,2007/10/29,ф╕Кх?,?╢ф??╗х?це?ESVUFR,
8210,?дш?,TW0008210006,2011/12/1,ф╕Кх?,?╗шЕж?КщА▒щ?шинх?це?ESVUFR,
8213,х┐Чш?,TW0008213000,2009/12/25,ф╕Кх?,?╗х??╢ч?ф╗╢цен,ESVUFR
8215,?ОхЯ║??TW0008215005,2010/11/12,ф╕Кх?,?ЙщЫ╗це?ESVUFR,,
8249,?▒х?,TW0008249004,2005/5/17,ф╕Кх?,?╗х??╢ч?ф╗╢цен,ESVUFR
8261,хпМщ?,TW0008261009,2009/12/11,ф╕Кх?,?Кх?щлФцен,ESVUFR
8271,хоЗчЮ╗,TW0008271008,2010/12/29,ф╕Кх?,?Кх?щлФцен,ESVUFR
8374,ч╛Ец?,TW0008374000,2008/12/25,ф╕Кх?,?╗ц?цйЯцв░,ESVUFR
8404,F-?╛х?,KYG684631016,2011/5/18,ф╕Кх?,?╢ф?це?ESVUFR,
8411,F-чжПш?,KYG525911072,2011/11/1,ф╕Кх?,?╢ф?це?ESVUFR,
8422,?пхпзшб?TW0008422007,2011/10/5,ф╕Кх?,?╢ф?це?ESVUFR,,
8427,F-?║х?,KYG525341072,2011/12/6,ф╕Кх?,?╢ф?це?ESVUFR,
8429,F-?Сщ?,KYG513871015,2012/12/20,ф╕Кх?,ш▓┐ц??╛ш▓ице?ESVUFR,
8443,?┐чШж,TW0008443003,2014/9/15,ф╕Кх?,ш▓┐ц??╛ш▓ице?ESVUFR,
8454,хпМщВжхк?TW0008454000,2014/12/19,ф╕Кх?,ш▓┐ц??╛ш▓ице?ESVUFR,,
8926,?░ц▒╜??TW0008926007,2003/8/25,ф╕Кх?,ц▓╣щЫ╗?Гц░гце?ESVUFR,,
8940,?░хдй??TW0008940008,2009/5/15,ф╕Кх?,шзА?Йф?це?ESVUFR,,
8996,щлШх?,TW0008996000,2014/2/14,ф╕Кх?,?╗ц?цйЯцв░,ESVUFR
9802,F-?║щ?,KYG368891068,2012/10/18,ф╕Кх?,?╢ф?це?ESVUFR,
9902,?░чБл,TW0009902007,1964/7/14,ф╕Кх?,?╢ф?це?ESVUFR,
9904,хп╢ц?,TW0009904003,1990/1/19,ф╕Кх?,?╢ф?це?ESVUFR,
9905,хдзшПп,TW0009905000,1990/8/8,ф╕Кх?,?╢ф?це?ESVUFR,
9906,цм?╖┤х╖?TW0009906008,1990/12/15,ф╕Кх?,?╢ф?це?ESVUFR,,
9907,ч╡▒ф?хп?TW0009907006,1991/1/29,ф╕Кх?,?╢ф?це?ESVUFR,,
9908,хдзхП░??TW0009908004,1991/2/6,ф╕Кх?,ц▓╣щЫ╗?Гц░гце?ESVUFR,,
9910,ш▒Рц│░,TW0009910000,1992/2/18,ф╕Кх?,?╢ф?це?ESVUFR,
9911,цл╗шК▒,TW0009911008,1992/7/16,ф╕Кх?,?╢ф?це?ESVUFR,
9912,?ЙшБп,TW0009912006,1992/8/8,ф╕Кх?,?╗шЕж?КщА▒щ?шинх?це?ESVUFR,
9914,ч╛ОхИй??TW0009914002,1992/9/30,ф╕Кх?,?╢ф?це?ESVUFR,,
9917,ф╕нф?,TW0009917005,1993/12/8,ф╕Кх?,?╢ф?це?ESVUFR,
9918,цм?дй??TW0009918003,1994/4/26,ф╕Кх?,ц▓╣щЫ╗?Гц░гце?ESVUFR,,
9919,х║╖щВгщж?TW0009919001,1994/11/4,ф╕Кх?,?╢ф?це?ESVUFR,,
9921,х╖ихдз,TW0009921007,1994/12/29,ф╕Кх?,?╢ф?це?ESVUFR,
9924,чжПш?,TW0009924001,1995/3/15,ф╕Кх?,?╢ф?це?ESVUFR,
9925,?░ф?,TW0009925008,1995/12/9,ф╕Кх?,?╢ф?це?ESVUFR,
9926,?░ц╡╖,TW0009926006,1998/4/8,ф╕Кх?,ц▓╣щЫ╗?Гц░гце?ESVUFR,
9927,ц│░щ?,TW0009927004,1999/3/12,ф╕Кх?,?╢ф?це?ESVUFR,
9928,ф╕нш?,TW0009928002,1999/8/9,ф╕Кх?,?╢ф?це?ESVUFR,
9929,чзЛщЫи,TW0009929000,1999/6/28,ф╕Кх?,?╢ф?це?ESVUFR,
9930,ф╕ншБпш│?TW0009930008,1999/11/22,ф╕Кх?,?╢ф?це?ESVUFR,,
9931,цм??,TW0009931006,2000/3/21,ф╕Кх?,ц▓╣щЫ╗?Гц░гце?ESVUFR,
9933,ф╕нщ?,TW0009933002,1993/5/28,ф╕Кх?,?╢ф?це?ESVUFR,
9934,?Рщ?,TW0009934000,2000/9/11,ф╕Кх?,?╢ф?це?ESVUFR,
9935,?╢ш?хп?TW0009935007,2000/9/11,ф╕Кх?,?╢ф?це?ESVUFR,,
9937,?их?,TW0009937003,2000/9/11,ф╕Кх?,ц▓╣щЫ╗?Гц░гце?ESVUFR,
9938,?╛х?,TW0009938001,2001/1/12,ф╕Кх?,?╢ф?це?ESVUFR,
9939,хоПхЕи,TW0009939009,2001/3/2,ф╕Кх?,?╢ф?це?ESVUFR,
9940,ф┐бч╛й,TW0009940007,2001/9/17,ф╕Кх?,?╢ф?це?ESVUFR,
9941,шгХш?,TW0009941005,2001/9/17,ф╕Кх?,?╢ф?це?ESVUFR,
9942,?Вщ?,TW0009942003,2002/1/28,ф╕Кх?,?╢ф?це?ESVUFR,
9943,хе╜ц?ш┐?TW0009943001,2002/8/26,ф╕Кх?,шзА?Йф?це?ESVUFR,,
9944,?░щ?,TW0009944009,2002/8/26,ф╕Кх?,?╢ф?це?ESVUFR,
9945,ц╜дц│░??TW0009945006,1992/4/30,ф╕Кх?,?╢ф?це?ESVUFR,,
9946,ф╕ЙчЩ╝,TW0009946004,2013/9/17,ф╕Кх?,х╗║ц??ЯщАацен,ESVUFR
9955,ф╜│щ?,TW0009955005,2008/1/21,ф╕Кх?,?╢ф?це?ESVUFR,
9958,ф╕Цч???TW0009958009,2008/3/12,ф╕Кх?,?╝щР╡х╖ецен,ESVUFR,
5364,?Уч?,TW0005364004,2013/8/26,ф╕Кц?,?╢ф?це?ESVUFR,
6199,ч▓╛х?,TW0006199003,2013/6/27,ф╕Кц?,?╢ф?це?ESVUFR,
1256,F-щооц┤╗,KYG858681003,2012/9/5,ф╕Кц?,щгЯх?х╖ецен,ESVUFR
1258,F-?╢чее,KYG522401010,2011/12/12,ф╕Кц?,щгЯх?х╖ецен,ESVUFR
1259,хоЙх?,TW0001259000,2011/12/15,ф╕Кц?,шзА?Йф?це?ESVUFR,
1333,?йх???TW0001333003,2005/8/8,ф╕Кц?,?╗х??╢ч?ф╗╢цен,ESVUFR,
1336,?░ч┐░,TW0001336006,2007/11/2,ф╕Кц?,?╗х??╢ч?ф╗╢цен,ESVUFR
1565,ч▓╛шПп,TW0001565000,2004/3/30,ф╕Кц?,?Яц??лч?це?ESVUFR,
1566,?╖щВж,TW0001566008,2011/1/12,ф╕Кц?,?╗ц?цйЯцв░,ESVUFR
1569,ц┐▒х?,TW0001569002,2005/7/29,ф╕Кц?,?╗шЕж?КщА▒щ?шинх?це?ESVUFR,
1570,?ЫшВп,TW0001570000,2005/6/30,ф╕Кц?,?╗ц?цйЯцв░,ESVUFR
1580,?░щ║е,TW0001580009,2007/12/10,ф╕Кц?,?╗ц?цйЯцв░,ESVUFR
1584,ч▓╛х?,TW0001584001,2007/11/28,ф╕Кц?,?╢ф?це?ESVUFR,
1586,?МхЛд,TW0001586006,2012/1/9,ф╕Кц?,?╗ц?цйЯцв░,ESVUFR
1591,F-щз┐х?,KYG4782L1023,2012/3/23,ф╕Кц?,?╗ц?цйЯцв░,ESVUFR
1593,че║щ?,TW0001593002,2012/6/13,ф╕Кц?,?Яц??лч?це?ESVUFR,
1595,х╖Эхп╢,TW0001595007,2011/10/4,ф╕Кц?,?╗х??╢ч?ф╗╢цен,ESVUFR
1597,?┤х?,TW0001597003,2012/12/28,ф╕Кц?,?╗ц?цйЯцв░,ESVUFR
1599,хоПф╜│щи?TW0001599009,2012/12/25,ф╕Кц?,?╗ц?цйЯцв░,ESVUFR,
1742,?░ш?,TW0001742005,2004/5/14,ф╕Кц?,?Цхн╕х╖ецен,ESVUFR
1752,?Чх?,TW0001752004,2009/8/10,ф╕Кц?,?Яц??лч?це?ESVUFR,
1777,?Яц│░,TW0001777001,2005/10/19,ф╕Кц?,?Яц??лч?це?ESVUFR,
1781,?Иф?,TW0001781003,2004/12/24,ф╕Кц?,?Яц??лч?це?ESVUFR,
1784,шиКшБп,TW0001784007,2007/7/26,ф╕Кц?,?Яц??лч?це?ESVUFR,
1785,?Йц?чз?TW0001785004,2005/1/31,ф╕Кц?,?╢ф??╗х?це?ESVUFR,,
1787,чжПч?чз?TW0001787000,2005/4/22,ф╕Кц?,?Цхн╕х╖ецен,ESVUFR,
1788,?Пц?,TW0001788008,2009/7/20,ф╕Кц?,?Яц??лч?це?ESVUFR,
1795,ч╛Оц?,TW0001795003,2010/1/29,ф╕Кц?,?Яц??лч?це?ESVUFR,
1799,ч┤ЕщЫ╗??TW0001799005,2008/11/10,ф╕Кц?,?Яц??лч?це?ESVUFR,,
1813,хп╢хИйх╛?TW0001813004,2009/8/4,ф╕Кц?,?Яц??лч?це?ESVUFR,,
1815,хпМхЦм,TW0001815009,2006/1/23,ф╕Кц?,?╗х??╢ч?ф╗╢цен,ESVUFR
2035,?Рцжо,TW0002035003,2006/7/7,ф╕Кц?,?╝щР╡х╖ецен,ESVUFR
2061,щвищ?,TW0002061009,2010/12/9,ф╕Кц?,?╗хЩи?╗ч?,ESVUFR
2063,ф╕ЦщОз,TW0002063005,2010/9/7,ф╕Кц?,?╝щР╡х╖ецен,ESVUFR
2064,?Йцд┐,TW0002064003,2014/12/26,ф╕Кц?,?╝щР╡х╖ецен,ESVUFR
2066,ф╕Цх╛╖,TW0002066008,2013/9/24,ф╕Кц?,?╗ц?цйЯцв░,ESVUFR
2067,?ЙщЛ╝,TW0002067006,2014/5/26,ф╕Кц?,?╗ц?цйЯцв░,ESVUFR
2221,хдзчФ▓,TW0002221009,2007/8/1,ф╕Кц?,?╢ф?це?ESVUFR,
2230,ц│░ш?,TW0002230000,2013/4/18,ф╕Кц?,?╗ц?цйЯцв░,ESVUFR
2233,хоЗщ?,TW0002233004,2011/11/14,ф╕Кц?,?╗ц?цйЯцв░,ESVUFR
2235,шмЪц?,TW0002235009,2014/12/15,ф╕Кц?,?╗ц?цйЯцв░,ESVUFR
2596,ч╢ац?,TW0002596004,2009/6/1,ф╕Кц?,х╗║ц??ЯщАацен,ESVUFR
2636,?░щ?,TW0002636008,2009/3/31,ф╕Кц?,?кщ?це?ESVUFR,
2640,хдзш???TW0002640000,2012/11/7,ф╕Кц?,?╢ф?це?ESVUFR,,
2641,цн?╛╖,TW0002641008,2014/10/9,ф╕Кц?,?кщ?це?ESVUFR,
2718,цбГх?х║?TW0002718004,2011/3/29,ф╕Кц?,шзА?Йф?це?ESVUFR,,
2719,?жц???TW0002719002,2012/2/24,ф╕Кц?,шзА?Йф?це?ESVUFR,,
2724,F-хпМщ?,KYG3704Y1017,2012/5/29,ф╕Кц?,шзА?Йф?це?ESVUFR,
2726,F-?Еш?,KYG988361021,2014/12/24,ф╕Кц?,шзА?Йф?це?ESVUFR,
2729,?жх?,TW0002729001,2012/9/17,ф╕Кц?,шзА?Йф?це?ESVUFR,
2734,?Ущ?ч╢?TW0002734001,2013/12/26,ф╕Кц?,шзА?Йф?це?ESVUFR,,
2916,ц╗┐х?,TW0002916004,2005/3/10,ф╕Кц?,ш▓┐ц??╛ш▓ице?ESVUFR,
2924,F-?▒х?,KYG198691092,2011/12/2,ф╕Кц?,ш▓┐ц??╛ш▓ице?ESVUFR,
2926,шках???TW0002926003,2013/1/30,ф╕Кц?,ш▓┐ц??╛ш▓ице?ESVUFR,,
3064,ц│░х?,TW0003064002,2004/6/9,ф╕Кц?,?╢ф??╗х?це?ESVUFR,
3066,?Оц┤▓,TW0003066007,2004/12/2,ф╕Кц?,?ЙщЫ╗це?ESVUFR,
3067,?их?,TW0003067005,2003/10/21,ф╕Кц?,?╢ф??╗х?це?ESVUFR,
3068,ч╛Оч?,TW0003068003,2008/5/2,ф╕Кц?,?Ъф┐бч╢▓ш╖пце?ESVUFR,
3071,?Фчжз,TW0003071007,2004/12/30,ф╕Кц?,?╗шЕж?КщА▒щ?шинх?це?ESVUFR,
3073,?оца╝,TW0003073003,2007/10/8,ф╕Кц?,?Кх?щлФцен,ESVUFR
3078,?Сх?,TW0003078002,2005/1/31,ф╕Кц?,?╗х??╢ч?ф╗╢цен,ESVUFR
3083,ч╢▓щ?,TW0003083002,2003/12/2,ф╕Кц?,ш│Зш??Нх?це?ESVUFR,
3085,ф╣Ехдз,TW0003085007,2004/3/1,ф╕Кц?,ш│Зш??Нх?це?ESVUFR,
3086,?пч╛й,TW0003086005,2004/3/29,ф╕Кц?,?Зх??╡ц?це?ESVUFR,
3088,?╛ш?,TW0003088001,2005/4/28,ф╕Кц?,?╗шЕж?КщА▒щ?шинх?це?ESVUFR,
3089,?ац?,TW0003089009,2003/10/14,ф╕Кц?,?╗х??╢ч?ф╗╢цен,ESVUFR
3092,щ┤╗чвй,TW0003092003,2010/5/11,ф╕Кц?,?╗х??╢ч?ф╗╢цен,ESVUFR
3093,ц╕пх╗║,TW0003093001,2005/6/17,ф╕Кц?,?╢ф??╗х?це?ESVUFR,
3095,?Кц?,TW0003095006,2005/5/26,ф╕Кц?,?Ъф┐бч╢▓ш╖пце?ESVUFR,
3105,чййц?,TW0003105003,2011/12/13,ф╕Кц?,?Кх?щлФцен,ESVUFR
3114,хе╜х╛╖,TW0003114005,2004/3/25,ф╕Кц?,?╗х??╢ч?ф╗╢цен,ESVUFR
3115,хп╢х│╢це?TW0003115002,2005/4/8,ф╕Кц?,?╗х??╢ч?ф╗╢цен,ESVUFR,
3118,?▓щ?,TW0003118006,2008/5/21,ф╕Кц?,?Яц??лч?це?ESVUFR,
3126,ф┐бх?,TW0003126009,2004/12/6,ф╕Кц?,?╗шЕж?КщА▒щ?шинх?це?ESVUFR,
3128,?ЗщК│,TW0003128005,2006/9/4,ф╕Кц?,?ЙщЫ╗це?ESVUFR,
3131,х╝Шх?,TW0003131009,2011/1/17,ф╕Кц?,?╢ф??╗х?це?ESVUFR,
3141,?╢х?,TW0003141008,2014/3/14,ф╕Кц?,?Кх?щлФцен,ESVUFR
3144,?░ц?чз?TW0003144002,2004/12/24,ф╕Кц?,?╗х??╢ч?ф╗╢цен,ESVUFR,
3152,?Ях╛╖,TW0003152005,2008/3/24,ф╕Кц?,?Ъф┐бч╢▓ш╖пце?ESVUFR,
3162,ч▓╛чв║,TW0003162004,2005/10/3,ф╕Кц?,?╗ц?цйЯцв░,ESVUFR
3163,ц│вшЛехи?TW0003163002,2012/12/3,ф╕Кц?,?Ъф┐бч╢▓ш╖пце?ESVUFR,,
3169,ф║Юф┐б,TW0003169009,2009/11/24,ф╕Кц?,?Кх?щлФцен,ESVUFR
3171,?░ц┤▓,TW0003171005,2004/9/17,ф╕Кц?,?╗шЕж?КщА▒щ?шинх?це?ESVUFR,
3176,?║ф?,TW0003176004,2011/11/23,ф╕Кц?,?Яц??лч?це?ESVUFR,
3188,хоЙш?,TW0003188009,2004/3/17,ф╕Кц?,?Кх?щлФцен,ESVUFR
3191,?МщА?TW0003191003,2005/4/12,ф╕Кц?,?╗х??╢ч?ф╗╢цен,ESVUFR,
3202,ци║ц?,TW0003202008,2005/7/26,ф╕Кц?,?╗х??╢ч?ф╗╢цен,ESVUFR
3205,ф╜░ч?,TW0003205001,2005/9/12,ф╕Кц?,?Яц??лч?це?ESVUFR,
3206,х┐Чш?,TW0003206009,2007/2/8,ф╕Кц?,?╗х??╢ч?ф╗╢цен,ESVUFR
3207,?А??TW0003207007,2004/11/4,ф╕Кц?,?╗х??╢ч?ф╗╢цен,ESVUFR,
3211,?Жщ?,TW0003211009,2004/11/8,ф╕Кц?,?╗шЕж?КщА▒щ?шинх?це?ESVUFR,
3213,?Вш?,TW0003213005,2004/10/1,ф╕Кц?,?╗шЕж?КщА▒щ?шинх?це?ESVUFR,
3217,?кч╛д,TW0003217006,2004/4/30,ф╕Кц?,?╗х??╢ч?ф╗╢цен,ESVUFR
3218,хдзхн╕??TW0003218004,2004/11/29,ф╕Кц?,?Яц??лч?це?ESVUFR,,
3219,?Ъх╝╖,TW0003219002,2004/3/19,ф╕Кц?,?Кх?щлФцен,ESVUFR
3221,?░х?чв?TW0003221008,2006/2/22,ф╕Кц?,?Ъф┐бч╢▓ш╖пце?ESVUFR,,
3224,ф╕Йщбз,TW0003224002,2004/6/3,ф╕Кц?,?╗х??Ъш╖пце?ESVUFR,
3226,?│хп╢??TW0003226007,2004/6/16,ф╕Кц?,?╗х??╢ч?ф╗╢цен,ESVUFR,
3227,?ЯчЫ╕,TW0003227005,2006/5/4,ф╕Кц?,?Кх?щлФцен,ESVUFR
3228,?Сщ?чз?TW0003228003,2005/3/2,ф╕Кц?,?Кх?щлФцен,ESVUFR,
3230,?жц?,TW0003230009,2006/9/25,ф╕Кц?,?ЙщЫ╗це?ESVUFR,
3232,?▒цН╖,TW0003232005,2004/11/1,ф╕Кц?,?╗х??Ъш╖пце?ESVUFR,
3234,?ЙчТ░,TW0003234001,2011/3/24,ф╕Кц?,?Ъф┐бч╢▓ш╖пце?ESVUFR,
3236,?Гх?,TW0003236006,2004/12/2,ф╕Кц?,?╗х??╢ч?ф╗╢цен,ESVUFR
3252,ц╡╖чБгчз?TW0003252003,2004/9/23,ф╕Кц?,?Кх?щлФцен,ESVUFR,
3259,?лхЙ╡,TW0003259008,2007/12/24,ф╕Кц?,?Кх?щлФцен,ESVUFR
3260,хиБх?,TW0003260006,2004/10/8,ф╕Кц?,?Кх?щлФцен,ESVUFR
3264,цм??,TW0003264008,2005/1/5,ф╕Кц?,?Кх?щлФцен,ESVUFR
3265,?░ц?чз?TW0003265005,2005/8/2,ф╕Кц?,?Кх?щлФцен,ESVUFR,
3268,ц╡╖х╛╖хи?TW0003268009,2005/1/27,ф╕Кц?,?Кх?щлФцен,ESVUFR,
3272,?▒чвй,TW0003272001,2014/8/26,ф╕Кц?,?╗шЕж?КщА▒щ?шинх?це?ESVUFR,
3276,хоЗчТ░,TW0003276002,2005/1/12,ф╕Кц?,?╗х??╢ч?ф╗╢цен,ESVUFR
3284,хдкцЩощл?TW0003284006,2005/3/22,ф╕Кц?,?╢ф?це?ESVUFR,,
3285,х╛очлп,TW0003285003,2012/7/23,ф╕Кц?,?╢ф??╗х?це?ESVUFR,
3287,х╗?п░чз?TW0003287009,2008/1/28,ф╕Кц?,?╗шЕж?КщА▒щ?шинх?це?ESVUFR,,
3288,щ╗ЮцЩ╢,TW0003288007,2005/4/15,ф╕Кц?,?╗х??╢ч?ф╗╢цен,ESVUFR
3289,хоЬчЙ╣,TW0003289005,2004/12/28,ф╕Кц?,?╢ф??╗х?це?ESVUFR,
3290,?▒ц╡ж,TW0003290003,2005/5/19,ф╕Кц?,?Ъф┐бч╢▓ш╖пце?ESVUFR,
3291,?ач?чз?TW0003291001,2009/2/27,ф╕Кц?,?Кх?щлФцен,ESVUFR,
3293,?Кш▒б,TW0003293007,2006/7/12,ф╕Кц?,ш│Зш??Нх?це?ESVUFR,
3294,?▒ц?,TW0003294005,2007/4/27,ф╕Кц?,?╗х??╢ч?ф╗╢цен,ESVUFR
3297,?нчЙ╣,TW0003297008,2005/6/7,ф╕Кц?,?ЙщЫ╗це?ESVUFR,
3299,х╕Ыц╝в,TW0003299004,2005/7/29,ф╕Кц?,?╗х??╢ч?ф╗╢цен,ESVUFR
3303,х▓▒ч?,TW0003303004,2007/5/28,ф╕Кц?,?Цхн╕х╖ецен,ESVUFR
3306,щ╝Охдй,TW0003306007,2005/7/5,ф╕Кц?,?Ъф┐бч╢▓ш╖пце?ESVUFR,
3310,ф╜│ч?,TW0003310009,2008/6/27,ф╕Кц?,?╗х??╢ч?ф╗╢цен,ESVUFR
3313,?Рц?,TW0003313003,2006/5/29,ф╕Кц?,?╗х??╢ч?ф╗╢цен,ESVUFR
3317,х░╝х?цг?TW0003317004,2007/8/9,ф╕Кц?,?Кх?щлФцен,ESVUFR,
3322,х╗║ш???TW0003322004,2009/5/20,ф╕Кц?,?╗х??╢ч?ф╗╢цен,ESVUFR,
3323,?ачЩ╛шг?TW0003323002,2007/6/25,ф╕Кц?,?╗шЕж?КщА▒щ?шинх?це?ESVUFR,,
3324,?Щщ┤╗,TW0003324000,2005/5/13,ф╕Кц?,?╢ф??╗х?це?ESVUFR,
3325,?нх?,TW0003325007,2005/8/15,ф╕Кц?,?╗шЕж?КщА▒щ?шинх?це?ESVUFR,
3332,х╣╕х║╖,TW0003332003,2008/1/24,ф╕Кц?,?╗х??╢ч?ф╗╢цен,ESVUFR
3339,ц│░ш░╖,TW0003339008,2006/6/27,ф╕Кц?,?ЙщЫ╗це?ESVUFR,
3354,х╛Лх?,TW0003354007,2005/12/8,ф╕Кц?,?╗х??╢ч?ф╗╢цен,ESVUFR
3360,х░Ъч?,TW0003360004,2006/6/6,ф╕Кц?,?╗х??Ъш╖пце?ESVUFR,
3362,?ИщА▓х?,TW0003362000,2005/9/6,ф╕Кц?,?ЙщЫ╗це?ESVUFR,
3363,ф╕Кшйо,TW0003363008,2011/2/25,ф╕Кц?,?Ъф┐бч╢▓ш╖пце?ESVUFR,
3372,?╕ч?,TW0003372009,2005/12/16,ф╕Кц?,?Кх?щлФцен,ESVUFR
3373,?▒ц?,TW0003373007,2007/12/13,ф╕Кц?,?╢ф??╗х?це?ESVUFR,
3379,х╜мхП░,TW0003379004,2011/10/20,ф╕Кц?,?╗ц?цйЯцв░,ESVUFR
3388,х┤Зш???TW0003388005,2006/2/22,ф╕Кц?,?╗х??╢ч?ф╗╢цен,ESVUFR,
3390,?нш?,TW0003390001,2006/2/22,ф╕Кц?,?╗х??╢ч?ф╗╢цен,ESVUFR
3402,ц╝вч?,TW0003402004,2007/1/9,ф╕Кц?,?╢ф??╗х?це?ESVUFR,
3428,?ЙчЗ┐чз?TW0003428009,2012/5/9,ф╕Кц?,?ЙщЫ╗це?ESVUFR,,
3431,?╖хдй,TW0003431003,2006/7/19,ф╕Кц?,?Ъф┐бч╢▓ш╖пце?ESVUFR,
3434,?▓хЫ║,TW0003434007,2008/1/28,ф╕Кц?,?ЙщЫ╗це?ESVUFR,
3438,щбЮц?чз?TW0003438008,2006/7/19,ф╕Кц?,?Кх?щлФцен,ESVUFR,
3441,?пф???TW0003441002,2010/10/4,ф╕Кц?,?ЙщЫ╗це?ESVUFR,,
3444,?йц?,TW0003444006,2008/9/26,ф╕Кц?,?╗х??Ъш╖пце?ESVUFR,
3452,?КщА?TW0003452009,2006/3/8,ф╕Кц?,?ЙщЫ╗це?ESVUFR,,
3455,?▒чФ░,TW0003455002,2007/12/27,ф╕Кц?,?ЙщЫ╗це?ESVUFR,
3465,чеецен,TW0003465001,2008/1/28,ф╕Кц?,?╗х??╢ч?ф╗╢цен,ESVUFR
3466,?┤цМп,TW0003466009,2006/5/17,ф╕Кц?,?Ъф┐бч╢▓ш╖пце?ESVUFR,
3479,хоЙхЛд,TW0003479002,2010/6/8,ф╕Кц?,?╗шЕж?КщА▒щ?шинх?це?ESVUFR,
3483,?ЫшЗ┤,TW0003483004,2006/12/18,ф╕Кц?,?╗шЕж?КщА▒щ?шинх?це?ESVUFR,
3484,х┤зщи░,TW0003484002,2007/11/9,ф╕Кц?,?╗х??╢ч?ф╗╢цен,ESVUFR
3489,цгохп╢,TW0003489001,2007/9/29,ф╕Кц?,х╗║ц??ЯщАацен,ESVUFR
3490,?оф?,TW0003490009,2007/10/15,ф╕Кц?,?ЙщЫ╗це?ESVUFR,
3491,?Зщ?чз?TW0003491007,2008/1/3,ф╕Кц?,?Ъф┐бч╢▓ш╖пце?ESVUFR,,
3498,?╜ч?,TW0003498002,2007/9/11,ф╕Кц?,?╢ф??╗х?це?ESVUFR,
3499,?░хдйчз?TW0003499000,2006/10/19,ф╕Кц?,?Ъф┐бч╢▓ш╖пце?ESVUFR,,
3508,ф╜НщА?TW0003508008,2007/10/17,ф╕Кц?,?╢ф??╗х?це?ESVUFR,,
3511,?╜чСк,TW0003511002,2009/2/16,ф╕Кц?,?╗х??╢ч?ф╗╢цен,ESVUFR
3512,?╜ч╖╣,TW0003512000,2007/7/25,ф╕Кц?,?╗х??╢ч?ф╗╢цен,ESVUFR
3516,ф║Юх?цн?TW0003516001,2007/11/29,ф╕Кц?,?ЙщЫ╗це?ESVUFR,,
3520,?пч╢н,TW0003520003,2007/10/12,ф╕Кц?,?╗х??╢ч?ф╗╢цен,ESVUFR
3521,щ┤╗ч?,TW0003521001,2007/8/7,ф╕Кц?,?╗шЕж?КщА▒щ?шинх?це?ESVUFR,
3522,хоПцго,TW0003522009,2007/10/15,ф╕Кц?,?ЙщЫ╗це?ESVUFR,
3523,ш┐Ош?,TW0003523007,2007/11/16,ф╕Кц?,?ЙщЫ╗це?ESVUFR,
3526,?бчФ▓,TW0003526000,2007/11/2,ф╕Кц?,?╗х??╢ч?ф╗╢цен,ESVUFR
3527,?Ъч?,TW0003527008,2007/10/29,ф╕Кц?,?Кх?щлФцен,ESVUFR
3528,хоЙщж│,TW0003528006,2011/5/18,ф╕Кц?,?╗х??Ъш╖пце?ESVUFR,
3529,?ЫцЧ║,TW0003529004,2011/1/24,ф╕Кц?,?Кх?щлФцен,ESVUFR
3531,?Ич?,TW0003531000,2008/4/8,ф╕Кц?,?ЙщЫ╗це?ESVUFR,
3537,?бщ?,TW0003537007,2010/1/25,ф╕Кц?,?╗х??╢ч?ф╗╢цен,ESVUFR
3540,?Ьш?,TW0003540001,2007/12/12,ф╕Кц?,?╗шЕж?КщА▒щ?шинх?це?ESVUFR,
3541,ше┐ц?,TW0003541009,2009/12/22,ф╕Кц?,?╢ф??╗х?це?ESVUFR,
3546,хоЗх│╗,TW0003546008,2008/4/18,ф╕Кц?,ш│Зш??Нх?це?ESVUFR,
3548,?ЖхИй,TW0003548004,2008/3/27,ф╕Кц?,?╗х??╢ч?ф╗╢цен,ESVUFR
3551,ф╕Цчж╛,TW0003551008,2008/4/15,ф╕Кц?,?╢ф??╗х?це?ESVUFR,
3552,?МшЗ┤,TW0003552006,2009/1/7,ф╕Кц?,?╢ф??╗х?це?ESVUFR,
3553,?Ыч?,TW0003553004,2008/10/21,ф╕Кц?,?Кх?щлФцен,ESVUFR
3555,?Оц│░,TW0003555009,2011/11/8,ф╕Кц?,?Кх?щлФцен,ESVUFR
3556,чж╛ч?ф║?TW0003556007,2008/4/15,ф╕Кц?,?Кх?щлФцен,ESVUFR,
3558,чеЮц?,TW0003558003,2013/12/30,ф╕Кц?,?Ъф┐бч╢▓ш╖пце?ESVUFR,
3562,?ВцЩ╢чз?TW0003562005,2008/6/17,ф╕Кц?,?ЙщЫ╗це?ESVUFR,,
3563,?зх╛╖,TW0003563003,2011/1/5,ф╕Кц?,?╢ф??╗х?це?ESVUFR,
3564,?╢щЩ╜,TW0003564001,2013/12/3,ф╕Кц?,?Ъф┐бч╢▓ш╖пце?ESVUFR,
3567,?╕ц?,TW0003567004,2010/11/22,ф╕Кц?,?Кх?щлФцен,ESVUFR
3570,хдзх?,TW0003570008,2008/10/23,ф╕Кц?,ш│Зш??Нх?це?ESVUFR,
3577,ц│Уца╝,TW0003577003,2009/1/6,ф╕Кц?,?╗шЕж?КщА▒щ?шинх?це?ESVUFR,
3580,?Лх?чз?TW0003580007,2010/7/9,ф╕Кц?,?╢ф??╗х?це?ESVUFR,,
3587,?Ох║╖,TW0003587002,2009/8/18,ф╕Кц?,?╢ф??╗х?це?ESVUFR,
3594,чгРх?,TW0003594008,2013/5/7,ф╕Кц?,?╗шЕж?КщА▒щ?шинх?це?ESVUFR,
3609,?▒ц?,TW0003609004,2011/1/11,ф╕Кц?,?╗х??╢ч?ф╗╢цен,ESVUFR
3611,щ╝Оч┐░,TW0003611000,2008/11/26,ф╕Кц?,?╗шЕж?КщА▒щ?шинх?це?ESVUFR,
3615,хоЙхПп,TW0003615001,2009/4/15,ф╕Кц?,?ЙщЫ╗це?ESVUFR,
3623,хпМцЩ╢??TW0003623005,2010/4/28,ф╕Кц?,?ЙщЫ╗це?ESVUFR,,
3624,?Йщаб,TW0003624003,2011/3/16,ф╕Кц?,?╗х??╢ч?ф╗╢цен,ESVUFR
3625,ше┐х?,TW0003625000,2009/10/28,ф╕Кц?,?╗шЕж?КщА▒щ?шинх?це?ESVUFR,
3628,?Ицнг,TW0003628004,2010/9/9,ф╕Кц?,?╢ф??╗х?це?ESVUFR,
3629,?Ущ?,TW0003629002,2010/5/27,ф╕Кц?,?ЙщЫ╗це?ESVUFR,
3630,?░щ?чз?TW0003630000,2010/4/26,ф╕Кц?,?ЙщЫ╗це?ESVUFR,,
3631,?Яц?,TW0003631008,2010/12/20,ф╕Кц?,?╗х??╢ч?ф╗╢цен,ESVUFR
3632,?ФхЛд,TW0003632006,2011/1/11,ф╕Кц?,?Ъф┐бч╢▓ш╖пце?ESVUFR,
3642,щз┐ч???TW0003642005,2011/9/29,ф╕Кц?,?╢ф??╗х?це?ESVUFR,,
3646,?╛цБй??TW0003646006,2012/3/27,ф╕Кц?,?╗х??╢ч?ф╗╢цен,ESVUFR,
3652,ч▓╛шБп,TW0003652004,2009/8/27,ф╕Кц?,?╗шЕж?КщА▒щ?шинх?це?ESVUFR,
3658,ц╝вх╛очз?TW0003658001,2012/5/21,ф╕Кц?,?Кх?щлФцен,ESVUFR,
3662,циВщ?,TW0003662003,2009/5/20,ф╕Кц?,ш│Зш??Нх?це?ESVUFR,
3663,?лч?,TW0003663001,2012/11/20,ф╕Кц?,?╢ф??╗х?це?ESVUFR,
3664,F-хоЙч?,KYG0550W1069,2010/6/24,ф╕Кц?,?Ъф┐бч╢▓ш╖пце?ESVUFR,
3666,?ЙшАА,TW0003666004,2014/12/4,ф╕Кц?,?ЙщЫ╗це?ESVUFR,
3672,х║╖шБпши?TW0003672002,2015/4/20,ф╕Кц?,?Ъф┐бч╢▓ш╖пце?ESVUFR,,
3675,х╛╖х╛о,TW0003675005,2012/6/29,ф╕Кц?,?Кх?щлФцен,ESVUFR
3680,хо╢чЩ╗,TW0003680005,2011/8/31,ф╕Кц?,?Кх?щлФцен,ESVUFR
3684,цжоц?,TW0003684007,2014/3/28,ф╕Кц?,?Ъф┐бч╢▓ш╖пце?ESVUFR,
3685,?┐ч?,TW0003685004,2010/12/8,ф╕Кц?,?ЙщЫ╗це?ESVUFR,
3687,цнРш▓╖х░?TW0003687000,2011/1/11,ф╕Кц?,ш│Зш??Нх?це?ESVUFR,,
3689,ц╣зх╛╖,TW0003689006,2012/10/18,ф╕Кц?,?╗х??╢ч?ф╗╢цен,ESVUFR
3691,чвйчж╛,TW0003691002,2010/11/18,ф╕Кц?,?ЙщЫ╗це?ESVUFR,
3693,?ЯщВж,TW0003693008,2013/11/27,ф╕Кц?,?╗шЕж?КщА▒щ?шинх?це?ESVUFR,
3707,ц╝вч?,TW0003707006,2014/10/1,ф╕Кц?,?Кх?щлФцен,ESVUFR
4102,ц░╕цЧе,TW0004102009,2001/3/20,ф╕Кц?,?Яц??лч?це?ESVUFR,
4103,?╛чХе,TW0004103007,2001/3/29,ф╕Кц?,?Яц??лч?це?ESVUFR,
4105,?▒ц?,TW0004105002,2001/9/27,ф╕Кц?,?Яц??лч?це?ESVUFR,
4107,?жчЙ╣,TW0004107008,2002/3/4,ф╕Кц?,?Яц??лч?це?ESVUFR,
4109,чйЖц?х╛?TW0004109004,2002/8/8,ф╕Кц?,?Яц??лч?це?ESVUFR,,
4111,ц┐Яч?,TW0004111000,1999/3/6,ф╕Кц?,?Яц??лч?це?ESVUFR,
4113,?пф?,TW0004113006,2003/7/22,ф╕Кц?,х╗║ц??ЯщАацен,ESVUFR
4114,?ехЦм,TW0004114004,2003/5/12,ф╕Кц?,?Яц??лч?це?ESVUFR,
4120,?ЛшПп,TW0004120001,2003/11/5,ф╕Кц?,?Яц??лч?це?ESVUFR,
4121,?кч?,TW0004121009,2003/7/25,ф╕Кц?,?Яц??лч?це?ESVUFR,
4123,?Ях╛╖,TW0004123005,2003/10/7,ф╕Кц?,?Яц??лч?це?ESVUFR,
4126,хдкщЖл,TW0004126008,2004/2/9,ф╕Кц?,?Яц??лч?це?ESVUFR,
4127,хдйшЙп,TW0004127006,2005/7/29,ф╕Кц?,?Яц??лч?це?ESVUFR,
4128,ф╕нхдй,TW0004128004,2006/6/9,ф╕Кц?,?Яц??лч?це?ESVUFR,
4129,?пх?,TW0004129002,2004/9/29,ф╕Кц?,?Яц??лч?це?ESVUFR,
4130,?еф?,TW0004130000,2012/1/12,ф╕Кц?,?Яц??лч?це?ESVUFR,
4131,?╢х?,TW0004131008,2004/4/9,ф╕Кц?,?Яц??лч?це?ESVUFR,
4138,?Ьф?,TW0004138003,2010/12/29,ф╕Кц?,?Яц??лч?це?ESVUFR,
4139,F-щжмх?,KYG5831M1087,2011/4/29,ф╕Кц?,?Яц??лч?це?ESVUFR,
4152,?░х╛ощл?TW0004152004,2012/12/21,ф╕Кц?,?Яц??лч?це?ESVUFR,,
4153,?║ч╖п,TW0004153002,2013/5/23,ф╕Кц?,?Яц??лч?це?ESVUFR,
4154,F-х║╖ц?,KYG527551082,2011/12/28,ф╕Кц?,?Яц??лч?це?ESVUFR,
4157,F*хдкцЩп,KYG866171005,2013/8/30,ф╕Кц?,?Яц??лч?це?ESVUFR,
4160,?╡ц?,TW0004160007,2012/9/17,ф╕Кц?,?Яц??лч?це?ESVUFR,
4161,?┐цЦ░чз?TW0004161005,2013/6/26,ф╕Кц?,?Яц??лч?це?ESVUFR,,
4162,?║ц?,TW0004162003,2012/9/18,ф╕Кц?,?Яц??лч?це?ESVUFR,
4163,?┐щИж,TW0004163001,2012/11/15,ф╕Кц?,?Яц??лч?це?ESVUFR,
4168,??Бп,TW0004168000,2012/12/18,ф╕Кц?,?Яц??лч?це?ESVUFR,
4171,?ЮхЯ║,TW0004171004,2014/8/14,ф╕Кц?,?Яц??лч?це?ESVUFR,
4173,ф╣Еш?,TW0004173000,2013/10/31,ф╕Кц?,?Яц??лч?це?ESVUFR,
4175,?Пф?,TW0004175005,2014/4/23,ф╕Кц?,?Яц??лч?це?ESVUFR,
4180,хоЙц???TW0004180005,2013/12/3,ф╕Кц?,?Яц??лч?це?ESVUFR,,
4192,?Пх?,TW0004192000,2014/10/28,ф╕Кц?,?Яц??лч?це?ESVUFR,
4198,?░ч???TW0004198007,2014/12/23,ф╕Кц?,?Яц??лч?це?ESVUFR,,
4205,ф╕ншПпщг?TW0004205000,1999/1/31,ф╕Кц?,щгЯх?х╖ецен,ESVUFR,
4207,?░ц│░,TW0004207006,2000/1/21,ф╕Кц?,щгЯх?х╖ецен,ESVUFR
4303,ф┐бч?,TW0004303003,1999/3/10,ф╕Кц?,хбСш?х╖ецен,ESVUFR
4304,?ЭцШ▒,TW0004304001,2000/1/27,ф╕Кц?,хбСш?х╖ецен,ESVUFR
4305,ф╕ЦхЭд,TW0004305008,2000/9/28,ф╕Кц?,хбСш?х╖ецен,ESVUFR
4401,?▒щ???TW0004401005,1996/5/9,ф╕Кц?,ч┤бч?ч║Цч╢н,ESVUFR,
4402,чжПхдз,TW0004402003,1997/7/23,ф╕Кц?,ч┤бч?ч║Цч╢н,ESVUFR
4406,?░ц?ч║?TW0004406004,1999/1/14,ф╕Кц?,ч┤бч?ч║Цч╢н,ESVUFR,
4413,щгЫхп╢,TW0004413000,1999/7/29,ф╕Кц?,ч┤бч?ч║Цч╢н,ESVUFR
4415,?░х???TW0004415005,1999/12/18,ф╕Кц?,?╢ф??╗х?це?ESVUFR,,
4416,ф╕Йх?,TW0004416003,2000/5/6,ф╕Кц?,х╗║ц??ЯщАацен,ESVUFR
4417,?Сц┤▓,TW0004417001,2000/11/7,ф╕Кц?,ч┤бч?ч║Цч╢н,ESVUFR
4419,?╛ц?,TW0004419007,2001/6/26,ф╕Кц?,ч┤бч?ч║Цч╢н,ESVUFR
4420,?Йц?,TW0004420005,2002/4/18,ф╕Кц?,ч┤бч?ч║Цч╢н,ESVUFR
4429,?Ъч┤б,TW0004429006,2010/9/15,ф╕Кц?,ч┤бч?ч║Цч╢н,ESVUFR
4430,?А??TW0004430004,2011/6/9,ф╕Кц?,?╢ф?це?ESVUFR,,
4432,?ШцЧ║хп?TW0004432000,2012/11/26,ф╕Кц?,ч┤бч?ч║Цч╢н,ESVUFR,
4433,?Ищ?,TW0004433008,2014/11/3,ф╕Кц?,ч┤бч?ч║Цч╢н,ESVUFR
4502,ц║Рц?,TW0004502000,1995/12/12,ф╕Кц?,?╗ц?цйЯцв░,ESVUFR
4503,?СщЫи,TW0004503008,1996/12/19,ф╕Кц?,?╗ц?цйЯцв░,ESVUFR
4506,х┤Зх?,TW0004506001,1997/12/6,ф╕Кц?,?╗ц?цйЯцв░,ESVUFR
4510,щлШщ?,TW0004510003,1998/2/24,ф╕Кц?,?╗ц?цйЯцв░,ESVUFR
4513,чжПш?,TW0004513007,1998/3/25,ф╕Кц?,?╗ц?цйЯцв░,ESVUFR
4523,ц░╕х╜░,TW0004523006,1999/11/22,ф╕Кц?,?╗ц?цйЯцв░,ESVUFR
4527,?╣х???TW0004527007,2000/9/28,ф╕Кц?,?╗ц?цйЯцв░,ESVUFR,
4528,ц▒Яш???TW0004528005,2001/2/12,ф╕Кц?,?╗ц?цйЯцв░,ESVUFR,
4529,?╢ц┤з,TW0004529003,2001/5/4,ф╕Кц?,?╢ф?це?ESVUFR,
4530,хоПц?,TW0004530001,2001/4/30,ф╕Кц?,?╗ц?цйЯцв░,ESVUFR
4533,?Фц?цй?TW0004533005,2002/4/26,ф╕Кц?,?╗ц?цйЯцв░,ESVUFR,
4534,?╢щи░,TW0004534003,2003/3/31,ф╕Кц?,?╗ц?цйЯцв░,ESVUFR
4535,?│ш?,TW0004535000,2003/4/16,ф╕Кц?,?╗ц?цйЯцв░,ESVUFR
4541,?ЯчФ░,TW0004541008,2014/7/22,ф╕Кц?,?╢ф?це?ESVUFR,
4542,чзСх?,TW0004542006,2014/8/25,ф╕Кц?,?╗х??╢ч?ф╗╢цен,ESVUFR
4549,цбУщ?,TW0004549001,2014/11/27,ф╕Кц?,?╗ц?цйЯцв░,ESVUFR
4609,?Рщ?,TW0004609003,2000/5/19,ф╕Кц?,?╗хЩи?╗ч?,ESVUFR
4702,ф╕нч???TW0004702006,1995/4/21,ф╕Кц?,?Цхн╕х╖ецен,ESVUFR,
4703,?ЪшПп,TW0004703004,1996/4/10,ф╕Кц?,?ЙщЫ╗це?ESVUFR,
4706,хдзцБн,TW0004706007,1998/4/17,ф╕Кц?,?Цхн╕х╖ецен,ESVUFR
4707,чгРф?,TW0004707005,1998/5/20,ф╕Кц?,?Цхн╕х╖ецен,ESVUFR
4711,ц░╕ч?,TW0004711007,1999/2/24,ф╕Кц?,?Цхн╕х╖ецен,ESVUFR
4712,?Чч?,TW0004712005,1999/4/3,ф╕Кц?,щгЯх?х╖ецен,ESVUFR
4714,ц░╕цН╖,TW0004714001,2000/3/27,ф╕Кц?,?Цхн╕х╖ецен,ESVUFR
4716,хдзч?,TW0004716006,2000/3/27,ф╕Кц?,?Цхн╕х╖ецен,ESVUFR
4720,х╛╖ц╖╡,TW0004720008,2001/3/16,ф╕Кц?,?Цхн╕х╖ецен,ESVUFR
4721,ч╛ОчРк??TW0004721006,2001/3/9,ф╕Кц?,?Цхн╕х╖ецен,ESVUFR,
4726,ц░╕ц?,TW0004726005,2013/12/25,ф╕Кц?,?Яц??лч?це?ESVUFR,
4728,?Щч?,TW0004728001,2012/1/10,ф╕Кц?,?Яц??лч?це?ESVUFR,
4729,?Тш?,TW0004729009,2009/2/24,ф╕Кц?,?ЙщЫ╗це?ESVUFR,
4735,ш▒кх?,TW0004735006,2011/8/16,ф╕Кц?,?Яц??лч?це?ESVUFR,
4736,ц│░х?,TW0004736004,2010/12/1,ф╕Кц?,?Яц??лч?це?ESVUFR,
4739,х║╖цЩо,TW0004739008,2011/12/1,ф╕Кц?,?Цхн╕х╖ецен,ESVUFR
4743,?Иф?,TW0004743000,2011/9/23,ф╕Кц?,?Яц??лч?це?ESVUFR,
4745,F-?Их?,KYG248111042,2013/1/30,ф╕Кц?,?Яц??лч?це?ESVUFR,
4747,х╝╖ч?,TW0004747001,2013/12/25,ф╕Кц?,?Яц??лч?це?ESVUFR,
4903,?пх???TW0004903000,2001/5/14,ф╕Кц?,?Ъф┐бч╢▓ш╖пце?ESVUFR,,
4905,?░шБп??TW0004905005,2001/12/7,ф╕Кц?,?Ъф┐бч╢▓ш╖пце?ESVUFR,,
4907,хпМх?,TW0004907001,2002/3/4,ф╕Кц?,х╗║ц??ЯщАацен,ESVUFR
4908,?Нщ?,TW0004908009,2002/2/27,ф╕Кц?,?Ъф┐бч╢▓ш╖пце?ESVUFR,
4909,?░х╛й??TW0004909007,2002/11/28,ф╕Кц?,?Ъф┐бч╢▓ш╖пце?ESVUFR,,
4911,х╛╖шЛ▒,TW0004911003,2011/3/21,ф╕Кц?,?Яц??лч?це?ESVUFR,
4924,F-цм??,KYG4642A1067,2011/10/18,ф╕Кц?,?╗шЕж?КщА▒щ?шинх?це?ESVUFR,
4927,F-ц│░щ?,KYG0407M1033,2011/10/18,ф╕Кц?,?╗х??╢ч?ф╗╢цен,ESVUFR
4933,?Лш?,TW0004933007,2010/5/4,ф╕Кц?,?ЙщЫ╗це?ESVUFR,
4939,ф║ЮщЫ╗,TW0004939004,2011/9/19,ф╕Кц?,?╗х??╢ч?ф╗╢цен,ESVUFR
4944,?Жщ?,TW0004944004,2011/5/31,ф╕Кц?,?ЙщЫ╗це?ESVUFR,
4946,ш╛??,TW0004946009,2011/6/10,ф╕Кц?,ш│Зш??Нх?це?ESVUFR,
4947,F-?Вхп╢,KYG675291002,2011/10/18,ф╕Кц?,?Кх?щлФцен,ESVUFR
4950,?зцЭ▒,TW0004950001,2012/4/27,ф╕Кц?,?ЙщЫ╗це?ESVUFR,
4953,ч╖пш?,TW0004953005,2014/1/8,ф╕Кц?,ш│Зш??Нх?це?ESVUFR,
4965,?Жх?шб?TW0004965009,2011/4/6,ф╕Кц?,ш│Зш??Нх?це?ESVUFR,,
4966,F-шнЬч?,KYG6892A1085,2011/9/13,ф╕Кц?,?Кх?щлФцен,ESVUFR
4971,F-IET,KYG480071011,2013/7/24,ф╕Кц?,?Кх?щлФцен,ESVUFR
4972,ц╣пчЯ│,TW0004972005,2013/6/17,ф╕Кц?,?ЙщЫ╗це?ESVUFR,
4973,х╗??,TW0004973003,2012/6/19,ф╕Кц?,?Кх?щлФцен,ESVUFR
4974,ф║Юц│░,TW0004974001,2011/11/29,ф╕Кц?,?╗х??╢ч?ф╗╢цен,ESVUFR
4979,?пц???TW0004979000,2011/12/12,ф╕Кц?,?Ъф┐бч╢▓ш╖пце?ESVUFR,,
4987,чзСш?,TW0004987003,2012/3/21,ф╕Кц?,?╗шЕж?КщА▒щ?шинх?це?ESVUFR,
4991,F-?░х?,KYG377541019,2014/9/15,ф╕Кц?,?Кх?щлФцен,ESVUFR
4995,?╢щ?,TW0004995006,2012/5/9,ф╕Кц?,?ЙщЫ╗це?ESVUFR,
5009,цжох?,TW0005009005,1998/10/17,ф╕Кц?,?╝щР╡х╖ецен,ESVUFR
5011,ф╣ЕщЩ╜,TW0005011001,1999/5/6,ф╕Кц?,?╝щР╡х╖ецен,ESVUFR
5013,х╝╖цЦ░,TW0005013007,2000/5/8,ф╕Кц?,?╝щР╡х╖ецен,ESVUFR
5014,х╗║щМй,TW0005014005,2001/2/15,ф╕Кц?,?╝щР╡х╖ецен,ESVUFR
5015,?пче║,TW0005015002,2000/12/15,ф╕Кц?,?╝щР╡х╖ецен,ESVUFR
5016,?╛х?,TW0005016000,2001/3/5,ф╕Кц?,?╝щР╡х╖ецен,ESVUFR
5102,хпМх╝╖,TW0005102008,2000/10/27,ф╕Кц?,цйбш?х╖ецен,ESVUFR
5201,?▒ш?,TW0005201008,2000/10/12,ф╕Кц?,ш│Зш??Нх?це?ESVUFR,
5202,?ЫцЦ░,TW0005202006,2000/10/18,ф╕Кц?,ш│Зш??Нх?це?ESVUFR,
5205,ц╝вх║╖,TW0005205009,2001/5/14,ф╕Кц?,ш│Зш??Нх?це?ESVUFR,
5206,?дц?,TW0005206007,2001/10/8,ф╕Кц?,х╗║ц??ЯщАацен,ESVUFR
5209,?░щ?,TW0005209001,2002/2/25,ф╕Кц?,ш│Зш??Нх?це?ESVUFR,
5210,хп╢чвй,TW0005210009,2002/4/25,ф╕Кц?,ш│Зш??Нх?це?ESVUFR,
5211,?ЩцБм,TW0005211007,2002/12/23,ф╕Кц?,ш│Зш??Нх?це?ESVUFR,
5212,?Мч╢▓,TW0005212005,2003/3/24,ф╕Кц?,ш│Зш??Нх?це?ESVUFR,
5213,ф║Юц?,TW0005213003,2003/4/24,ф╕Кц?,х╗║ц??ЯщАацен,ESVUFR
5227,F-члЛхЗ▒,KYG0100G1064,2013/12/9,ф╕Кц?,?╗х??╢ч?ф╗╢цен,ESVUFR
5230,?╖ч???TW0005230007,2012/6/5,ф╕Кц?,?ЙщЫ╗це?ESVUFR,,
5251,хдйщ???TW0005251003,2012/11/26,ф╕Кц?,?ЙщЫ╗це?ESVUFR,,
5255,ч╛Оц?,TW0005255004,2014/7/25,ф╕Кц?,?╗х??╢ч?ф╗╢цен,ESVUFR
5263,?║х┤┤,TW0005263008,2012/12/18,ф╕Кц?,?Зх??╡ц?це?ESVUFR,
5266,F*AS,JP3172460002,2014/1/14,ф╕Кц?,ш│Зш??Нх?це?ESVUFR,
5272,чмЩч?,TW0005272009,2013/5/30,ф╕Кц?,?Кх?щлФцен,ESVUFR
5274,ф┐бщ?,TW0005274005,2013/4/30,ф╕Кц?,?Кх?щлФцен,ESVUFR
5276,F-?Фш?,KYG2743W1006,2014/6/12,ф╕Кц?,?╢ф?це?ESVUFR,
5278,х░ЪхЗб,TW0005278006,2013/6/4,ф╕Кц?,ш│Зш??Нх?це?ESVUFR,
5284,F-JPP,KYG521131006,2014/10/7,ф╕Кц?,?╢ф?це?ESVUFR,
5287,?╕х?,TW0005287007,2014/1/20,ф╕Кц?,ш│Зш??Нх?це?ESVUFR,
5289,хоЬщ?,TW0005289003,2013/11/27,ф╕Кц?,?╗шЕж?КщА▒щ?шинх?це?ESVUFR,
5291,?Сц?,TW0005291009,2014/12/23,ф╕Кц?,?╗х??╢ч?ф╗╢цен,ESVUFR
5301,хп╢х???TW0005301006,1990/6/25,ф╕Кц?,ш▓┐ц??╛ш▓ице?ESVUFR,,
5302,хдкцмг,TW0005302004,1991/1/17,ф╕Кц?,?Кх?щлФцен,ESVUFR
5304,щ╝ОхЙ╡??TW0005304000,1991/7/16,ф╕Кц?,?╗шЕж?КщА▒щ?шинх?це?ESVUFR,,
5306,цбВч?,TW0005306005,1995/12/26,ф╕Кц?,?╢ф?це?ESVUFR,
5309,ч│╗ч╡▒,TW0005309009,1996/3/18,ф╕Кц?,?╗х??╢ч?ф╗╢цен,ESVUFR
5310,хдйх?,TW0005310007,1996/4/9,ф╕Кц?,ш│Зш??Нх?це?ESVUFR,
5312,хп╢х│╢чз?TW0005312003,1996/5/25,ф╕Кц?,?╢ф?це?ESVUFR,,
5314,ф╕Цч?,TW0005314009,1996/9/16,ф╕Кц?,?Кх?щлФцен,ESVUFR
5315,?ЙшБп,TW0005315006,1996/11/2,ф╕Кц?,?ЙщЫ╗це?ESVUFR,
5317,?▒ч?,TW0005317002,1996/12/2,ф╕Кц?,?╗х??╢ч?ф╗╢цен,ESVUFR
5321,?Лщ?,TW0005321004,1996/12/30,ф╕Кц?,?╗х??╢ч?ф╗╢цен,ESVUFR
5324,хглщ?,TW0005324008,1997/1/30,ф╕Кц?,х╗║ц??ЯщАацен,ESVUFR
5328,?пхо╣,TW0005328009,1997/8/28,ф╕Кц?,?╗х??╢ч?ф╗╢цен,ESVUFR
5340,х╗║цжо,TW0005340004,1998/1/20,ф╕Кц?,?╗х??╢ч?ф╗╢цен,ESVUFR
5344,члЛш?,TW0005344006,1998/3/23,ф╕Кц?,?Кх?щлФцен,ESVUFR
5345,хдйц?,TW0005345003,1998/3/23,ф╕Кц?,?╗х??╢ч?ф╗╢цен,ESVUFR
5347,ф╕Цч?,TW0005347009,1998/3/25,ф╕Кц?,?Кх?щлФцен,ESVUFR
5348,ч│╗щА?TW0005348007,1998/4/29,ф╕Кц?,?Ъф┐бч╢▓ш╖пце?ESVUFR,,
5349,?Иш?,TW0005349005,1998/6/25,ф╕Кц?,?╗х??╢ч?ф╗╢цен,ESVUFR
5351,?║хЙ╡,TW0005351001,1998/5/15,ф╕Кц?,?Кх?щлФцен,ESVUFR
5353,?░ц?,TW0005353007,1998/5/18,ф╕Кц?,?Ъф┐бч╢▓ш╖пце?ESVUFR,
5355,ф╜│ч╕╜,TW0005355002,1998/6/23,ф╕Кц?,?╗х??╢ч?ф╗╢цен,ESVUFR
5356,?Фч?,TW0005356000,1998/7/20,ф╕Кц?,?╗шЕж?КщА▒щ?шинх?це?ESVUFR,
5371,ф╕нх???TW0005371009,1999/1/20,ф╕Кц?,?ЙщЫ╗це?ESVUFR,,
5381,?Ицнг,TW0005381008,1999/3/19,ф╕Кц?,?╗х??╢ч?ф╗╢цен,ESVUFR
5383,?СхИй,TW0005383004,1999/4/14,ф╕Кц?,?╢ф??╗х?це?ESVUFR,
5384,?╖х?,TW0005384002,1999/4/16,ф╕Кц?,?╗шЕж?КщА▒щ?шинх?це?ESVUFR,
5386,?ТщЫ▓,TW0005386007,1999/5/13,ф╕Кц?,?╗шЕж?КщА▒щ?шинх?це?ESVUFR,
5392,?ЙшПп,TW0005392005,1999/6/14,ф╕Кц?,?ЙщЫ╗це?ESVUFR,
5395,?УцЦ╣,TW0005395008,1999/9/7,ф╕Кц?,шзА?Йф?це?ESVUFR,
5398,?Ыч?,TW0005398002,1999/10/11,ф╕Кц?,?╗х??╢ч?ф╗╢цен,ESVUFR
5403,ф╕ншП▓,TW0005403000,1999/10/15,ф╕Кц?,ш│Зш??Нх?це?ESVUFR,
5410,?ЛчЬ╛,TW0005410005,1999/11/26,ф╕Кц?,ш│Зш??Нх?це?ESVUFR,
5425,?░х?,TW0005425003,2000/2/21,ф╕Кц?,?Кх?щлФцен,ESVUFR
5426,?пчЩ╝,TW0005426001,2000/2/9,ф╕Кц?,?╗шЕж?КщА▒щ?шинх?це?ESVUFR,
5432,?Фх?,TW0005432009,2000/3/21,ф╕Кц?,?ЙщЫ╗це?ESVUFR,
5438,?▒х?,TW0005438006,2000/6/17,ф╕Кц?,?╗шЕж?КщА▒щ?шинх?це?ESVUFR,
5439,щлШц?,TW0005439004,2000/6/26,ф╕Кц?,?╗х??╢ч?ф╗╢цен,ESVUFR
5443,?Зш▒к,TW0005443006,1998/2/9,ф╕Кц?,?ЙщЫ╗це?ESVUFR,
5450,хп╢шБп,TW0005450001,2000/8/22,ф╕Кц?,?╗шЕж?КщА▒щ?шинх?це?ESVUFR,
5452,ф╜╢хДк,TW0005452007,2000/10/2,ф╕Кц?,?╢ф??╗х?це?ESVUFR,
5455,шиКхИй??TW0005455000,2000/10/19,ф╕Кц?,?Кх?щлФцен,ESVUFR,
5457,хо?╛╖,TW0005457006,2000/9/29,ф╕Кц?,?╗х??╢ч?ф╗╢цен,ESVUFR
5460,?Мх?,TW0005460000,2000/9/28,ф╕Кц?,?╗х??╢ч?ф╗╢цен,ESVUFR
5464,?Цх?,TW0005464002,2000/11/8,ф╕Кц?,?╗х??╢ч?ф╗╢цен,ESVUFR
5465,хпМщ?,TW0005465009,2000/11/8,ф╕Кц?,?╗шЕж?КщА▒щ?шинх?це?ESVUFR,
5468,?▒щИ║,TW0005468003,2001/1/17,ф╕Кц?,?Кх?щлФцен,ESVUFR
5474,?░ц│░,TW0005474001,2001/3/20,ф╕Кц?,?╗шЕж?КщА▒щ?шинх?це?ESVUFR,
5475,х╛╖х?,TW0005475008,2001/1/16,ф╕Кц?,?╗х??╢ч?ф╗╢цен,ESVUFR
5478,?║х?,TW0005478002,2001/3/29,ф╕Кц?,ш│Зш??Нх?це?ESVUFR,
5480,ч╡▒ч?,TW0005480008,2001/4/10,ф╕Кц?,?╗х??╢ч?ф╗╢цен,ESVUFR
5481,?пщЯб,TW0005481006,2001/4/27,ф╕Кц?,?╗х??╢ч?ф╗╢цен,ESVUFR
5483,ф╕нч???TW0005483002,2001/3/2,ф╕Кц?,?Кх?щлФцен,ESVUFR,
5487,?Ъц│░,TW0005487003,2001/2/20,ф╕Кц?,?Кх?щлФцен,ESVUFR
5488,?╛цЩо,TW0005488001,2001/3/12,ф╕Кц?,?╗х??╢ч?ф╗╢цен,ESVUFR
5489,х╜йх?,TW0005489009,2001/3/12,ф╕Кц?,?╢ф??╗х?це?ESVUFR,
5490,?Мф║и,TW0005490007,2001/5/14,ф╕Кц?,?╗шЕж?КщА▒щ?шинх?це?ESVUFR,
5491,???,TW0005491005,2001/3/21,ф╕Кц?,?╗х??╢ч?ф╗╢цен,ESVUFR
5493,ф╕ЙшБп,TW0005493001,2001/5/3,ф╕Кц?,?╢ф??╗х?це?ESVUFR,
5498,?▒х┤┤,TW0005498000,2001/3/29,ф╕Кц?,?╗х??╢ч?ф╗╢цен,ESVUFR
5505,?МцЧ║,TW0005505002,1998/1/15,ф╕Кц?,х╗║ц??ЯщАацен,ESVUFR
5506,?╖щ┤╗,TW0005506000,1998/1/16,ф╕Кц?,х╗║ц??ЯщАацен,ESVUFR
5508,ц░╕ф┐бх╗?TW0005508006,1998/5/13,ф╕Кц?,х╗║ц??ЯщАацен,ESVUFR,
5511,х╛╖ц?,TW0005511000,1998/12/9,ф╕Кц?,х╗║ц??ЯщАацен,ESVUFR
5512,?Ыщ?,TW0005512008,1998/12/4,ф╕Кц?,х╗║ц??ЯщАацен,ESVUFR
5514,ф╕Йш?,TW0005514004,1998/12/29,ф╕Кц?,х╗║ц??ЯщАацен,ESVUFR
5516,?Щх?,TW0005516009,1999/3/23,ф╕Кц?,х╗║ц??ЯщАацен,ESVUFR
5520,?Ыц│░,TW0005520001,1999/10/27,ф╕Кц?,х╗║ц??ЯщАацен,ESVUFR
5523,ш▒Рш?,TW0005523005,1999/12/27,ф╕Кц?,х╗║ц??ЯщАацен,ESVUFR
5529,х┐Чх?,TW0005529002,1996/1/12,ф╕Кц?,х╗║ц??ЯщАацен,ESVUFR
5530,щ╛Нх?,TW0005530000,2000/10/4,ф╕Кц?,?╢ф?це?ESVUFR,
5536,?Цц?,TW0005536007,2010/11/10,ф╕Кц?,?╢ф??╗х?це?ESVUFR,
5601,?░шБпцл?TW0005601009,1994/11/24,ф╕Кц?,?кщ?це?ESVUFR,,
5603,?╕ц╡╖,TW0005603005,1997/1/25,ф╕Кц?,?кщ?це?ESVUFR,
5604,ф╕нщА?▓и,TW0005604003,1997/5/22,ф╕Кц?,?кщ?це?ESVUFR,
5609,ф╕ншП▓шб?TW0005609002,2001/10/15,ф╕Кц?,?кщ?це?ESVUFR,,
5701,?Нц?х▒?TW0005701007,1998/3/12,ф╕Кц?,шзА?Йф?це?ESVUFR,,
5703,ф║ЮщГ╜,TW0005703003,1999/6/15,ф╕Кц?,шзА?Йф?це?ESVUFR,
5704,?БчИ║??TW0005704001,1999/12/21,ф╕Кц?,шзА?Йф?це?ESVUFR,,
5820,?еч???TW0005820005,2002/2/5,ф╕Кц?,?Сш?ф┐ЭщЪкце?ESVUFR,,
5878,?░х?,TW0005878003,2014/10/28,ф╕Кц?,?Сш?ф┐ЭщЪкце?ESVUFR,
5902,х╛╖ш?,TW0005902001,1998/2/7,ф╕Кц?,ш▓┐ц??╛ш▓ице?ESVUFR,
5903,?ихо╢,TW0005903009,2002/2/25,ф╕Кц?,ш▓┐ц??╛ш▓ице?ESVUFR,
5904,хп╢щ?,TW0005904007,2002/9/6,ф╕Кц?,ш▓┐ц??╛ш▓ице?ESVUFR,
5905,?Чф?ц╣?TW0005905004,2003/6/17,ф╕Кц?,ш▓┐ц??╛ш▓ице?ESVUFR,,
6015,хоПщ?шн?TW0006015001,1996/7/25,ф╕Кц?,?Сш?ф┐ЭщЪкце?ESVUFR,,
6016,х║╖х?шн?TW0006016009,1996/12/4,ф╕Кц?,?Сш?ф┐ЭщЪкце?ESVUFR,,
6020,хдзх?шн?TW0006020001,2003/1/23,ф╕Кц?,?Сш?ф┐ЭщЪкце?ESVUFR,,
6021,хдзцЕ╢шн?TW0006021009,2003/4/21,ф╕Кц?,?Сш?ф┐ЭщЪкце?ESVUFR,,
6022,хдзчЬ╛шн?TW0006022007,2005/9/26,ф╕Кц?,?Сш?ф┐ЭщЪкце?ESVUFR,,
6023,?Гхдз??TW0006023005,2007/11/28,ф╕Кц?,?Сш?ф┐ЭщЪкце?ESVUFR,,
6024,ч╛дч???TW0006024003,2009/4/27,ф╕Кц?,?Сш?ф┐ЭщЪкце?ESVUFR,,
6101,х╝ШцН╖,TW0006101009,2001/3/29,ф╕Кц?,?╗х??╢ч?ф╗╢цен,ESVUFR
6103,?ИщВж,TW0006103005,2001/5/7,ф╕Кц?,?Кх?щлФцен,ESVUFR
6104,?╡ц?,TW0006104003,2001/5/22,ф╕Кц?,?Кх?щлФцен,ESVUFR
6105,?ЮхВ│,TW0006105000,2001/4/19,ф╕Кц?,?╗шЕж?КщА▒щ?шинх?це?ESVUFR,
6107,?пч?,TW0006107006,2001/6/13,ф╕Кц?,?╗х??╢ч?ф╗╢цен,ESVUFR
6109,ф║Юх?,TW0006109002,2001/7/26,ф╕Кц?,?Ъф┐бч╢▓ш╖пце?ESVUFR,
6111,хдзх?ш│?TW0006111008,2001/8/8,ф╕Кц?,ш│Зш??Нх?це?ESVUFR,,
6113,ф║ЮчЯ╜,TW0006113004,2001/8/10,ф╕Кц?,?╗х??Ъш╖пце?ESVUFR,
6114,ч┐Фц?,TW0006114002,2001/9/27,ф╕Кц?,?╗х??╢ч?ф╗╢цен,ESVUFR
6118,х╗║щ?,TW0006118003,2001/10/25,ф╕Кц?,?╗х??Ъш╖пце?ESVUFR,
6121,?░цЩо,TW0006121007,2001/11/27,ф╕Кц?,?╗шЕж?КщА▒щ?шинх?це?ESVUFR,
6122,?ОщВж,TW0006122005,2000/7/14,ф╕Кц?,?╗ц?цйЯцв░,ESVUFR
6123,ф╕Кх?,TW0006123003,2002/1/23,ф╕Кц?,?╗шЕж?КщА▒щ?шинх?це?ESVUFR,
6124,ценх╝╖,TW0006124001,2002/3/19,ф╕Кц?,?╗х??╢ч?ф╗╢цен,ESVUFR
6125,х╗??,TW0006125008,2002/1/23,ф╕Кц?,?ЙщЫ╗це?ESVUFR,
6126,ф┐бщЯ│,TW0006126006,2002/1/18,ф╕Кц?,?╗х??╢ч?ф╗╢цен,ESVUFR
6127,ф╣Эш▒к,TW0006127004,2002/1/10,ф╕Кц?,?╗х??╢ч?ф╗╢цен,ESVUFR
6129,?ош?,TW0006129000,2001/12/25,ф╕Кц?,?Кх?щлФцен,ESVUFR
6130,?║х?,TW0006130008,2002/3/26,ф╕Кц?,?Яц??лч?це?ESVUFR,
6134,?мцЧн,TW0006134000,2002/1/8,ф╕Кц?,?╗х??╢ч?ф╗╢цен,ESVUFR
6135,ф╜│ч?,TW0006135007,2002/1/28,ф╕Кц?,?╗х??Ъш╖пце?ESVUFR,
6138,?Вщ?,TW0006138001,2002/1/18,ф╕Кц?,?Кх?щлФцен,ESVUFR
6140,шиКщ?,TW0006140007,2002/2/4,ф╕Кц?,ш│Зш??Нх?це?ESVUFR,
6143,?пц?,TW0006143001,2002/1/28,ф╕Кц?,?Ъф┐бч╢▓ш╖пце?ESVUFR,
6144,х╛ЧхИйх╜?TW0006144009,2002/1/23,ф╕Кц?,?╢ф??╗х?це?ESVUFR,,
6146,?Хш?,TW0006146004,2002/1/23,ф╕Кц?,?╢ф??╗х?це?ESVUFR,
6147,?ОщВж,TW0006147002,2002/1/31,ф╕Кц?,?Кх?щлФцен,ESVUFR
6148,щйКх?ш│?TW0006148000,2002/2/1,ф╕Кц?,ш│Зш??Нх?це?ESVUFR,,
6150,?╝ш?,TW0006150006,2002/3/11,ф╕Кц?,?╗шЕж?КщА▒щ?шинх?це?ESVUFR,
6151,?ЙхА?TW0006151004,2002/2/25,ф╕Кц?,?╢ф??╗х?це?ESVUFR,,
6154,?ЖчЩ╝,TW0006154008,2002/2/18,ф╕Кц?,?╗х??Ъш╖пце?ESVUFR,
6156,?╛ф?,TW0006156003,2002/2/19,ф╕Кц?,?╗х??╢ч?ф╗╢цен,ESVUFR
6158,чж╛ц?,TW0006158009,2002/2/19,ф╕Кц?,?╗х??╢ч?ф╗╢цен,ESVUFR
6160,цм??,TW0006160005,2002/3/1,ф╕Кц?,?╗шЕж?КщА▒щ?шинх?це?ESVUFR,
6161,?╖ц│в,TW0006161003,2002/3/1,ф╕Кц?,?╗шЕж?КщА▒щ?шинх?це?ESVUFR,
6163,?пщЫ╗ч╢?TW0006163009,2002/3/19,ф╕Кц?,?Ъф┐бч╢▓ш╖пце?ESVUFR,,
6167,ф╣Ецнг,TW0006167000,2002/3/26,ф╕Кц?,?ЙщЫ╗це?ESVUFR,
6169,?▒ц?,TW0006169006,2002/3/22,ф╕Кц?,ш│Зш??Нх?це?ESVUFR,
6170,ч╡▒цМп,TW0006170004,2002/4/16,ф╕Кц?,?Ъф┐бч╢▓ш╖пце?ESVUFR,
6171,ф║ЮщК│хг?TW0006171002,2002/4/22,ф╕Кц?,?╗х??Ъш╖пце?ESVUFR,,
6173,ф┐бц???TW0006173008,2002/4/19,ф╕Кц?,?╗х??╢ч?ф╗╢цен,ESVUFR,
6174,хоЙч?,TW0006174006,2002/5/2,ф╕Кц?,?╗х??╢ч?ф╗╢цен,ESVUFR
6175,члЛцХж,TW0006175003,2002/6/10,ф╕Кц?,?╗х??╢ч?ф╗╢цен,ESVUFR
6179,ф║ЮщА?TW0006179005,2002/5/17,ф╕Кц?,?╢ф??╗х?це?ESVUFR,,
6180,цйШх?,TW0006180003,2002/5/21,ф╕Кц?,ш│Зш??Нх?це?ESVUFR,
6182,?ИцЩ╢,TW0006182009,2002/5/16,ф╕Кц?,?Кх?щлФцен,ESVUFR
6185,х╣Гч?,TW0006185002,2002/8/9,ф╕Кц?,?╗х??╢ч?ф╗╢цен,ESVUFR
6186,?░ц╜д,TW0006186000,2002/8/2,ф╕Кц?,х╗║ц??ЯщАацен,ESVUFR
6187,?мц╜д,TW0006187008,2002/9/27,ф╕Кц?,?╢ф??╗х?це?ESVUFR,
6188,х╗??,TW0006188006,2002/8/27,ф╕Кц?,?╗шЕж?КщА▒щ?шинх?це?ESVUFR,
6190,?мц│░,TW0006190002,1998/2/4,ф╕Кц?,?Ъф┐бч╢▓ш╖пце?ESVUFR,
6194,?▓х?,TW0006194004,2002/12/5,ф╕Кц?,?╗х??╢ч?ф╗╢цен,ESVUFR
6195,шййшВп,TW0006195001,2002/10/21,ф╕Кц?,ш▓┐ц??╛ш▓ице?ESVUFR,
6198,?Мц│░,TW0006198005,2002/12/26,ф╕Кц?,?Кх?щлФцен,ESVUFR
6203,ц╡╖щЯ╗,TW0006203003,2002/12/26,ф╕Кц?,?╗х??╢ч?ф╗╢цен,ESVUFR
6204,?╛шПп,TW0006204001,2002/11/13,ф╕Кц?,?╗х??╢ч?ф╗╢цен,ESVUFR
6207,?╖ч?,TW0006207004,2002/12/23,ф╕Кц?,?╗х??╢ч?ф╗╢цен,ESVUFR
6208,?ец?,TW0006208002,2002/12/23,ф╕Кц?,?╗х??╢ч?ф╗╢цен,ESVUFR
6210,?╢ч?,TW0006210008,2003/2/14,ф╕Кц?,?╗х??╢ч?ф╗╢цен,ESVUFR
6211,чжПчЩ╗,TW0006211006,2003/1/6,ф╕Кц?,?╗х??╢ч?ф╗╢цен,ESVUFR
6212,?Жщ?,TW0006212004,2002/12/26,ф╕Кц?,х╗║ц??ЯщАацен,ESVUFR
6217,ф╕нцОв??TW0006217003,2003/1/9,ф╕Кц?,?╗х??╢ч?ф╗╢цен,ESVUFR,
6218,ш▒кх?,TW0006218001,2003/1/14,ф╕Кц?,?Ъф┐бч╢▓ш╖пце?ESVUFR,
6219,хпМцЧ║,TW0006219009,2003/2/26,ф╕Кц?,х╗║ц??ЯщАацен,ESVUFR
6220,х▓│ш?,TW0006220007,2003/1/9,ф╕Кц?,?╗х??╢ч?ф╗╢цен,ESVUFR
6221,?Йц│░,TW0006221005,2003/1/6,ф╕Кц?,ш│Зш??Нх?це?ESVUFR,
6222,ф╕Кц?,TW0006222003,2003/1/9,ф╕Кц?,?╗шЕж?КщА▒щ?шинх?це?ESVUFR,
6223,?║чЯ╜,TW0006223001,2003/1/6,ф╕Кц?,?Кх?щлФцен,ESVUFR
6227,?Вч╢╕,TW0006227002,2003/1/14,ф╕Кц?,?╗х??Ъш╖пце?ESVUFR,
6228,?иш?,TW0006228000,2003/1/21,ф╕Кц?,?╗шЕж?КщА▒щ?шинх?це?ESVUFR,
6229,?ФщА?TW0006229008,2003/1/14,ф╕Кц?,?Кх?щлФцен,ESVUFR,
6231,ч│╗х╛о,TW0006231004,2003/1/23,ф╕Кц?,ш│Зш??Нх?це?ESVUFR,
6233,?║ч?,TW0006233000,2003/2/20,ф╕Кц?,?Кх?щлФцен,ESVUFR
6234,щлШх?,TW0006234008,2003/3/12,ф╕Кц?,?ЙщЫ╗це?ESVUFR,
6236,х║╖х?,TW0006236003,2003/3/31,ф╕Кц?,?Кх?щлФцен,ESVUFR
6237,щйКш?,TW0006237001,2003/4/21,ф╕Кц?,?Кх?щлФцен,ESVUFR
6238,?Эщ?,TW0006238009,2003/3/31,ф╕Кц?,?╢ф??╗х?це?ESVUFR,
6240,?╛х?,TW0006240005,2003/5/30,ф╕Кц?,ш│Зш??Нх?це?ESVUFR,
6241,?УщАЪх?,TW0006241003,2003/4/8,ф╕Кц?,?Ъф┐бч╢▓ш╖пце?ESVUFR,
6242,члЛх║╖,TW0006242001,2003/4/23,ф╕Кц?,?╗х??╢ч?ф╗╢цен,ESVUFR
6244,?Вш┐к,TW0006244007,2003/5/15,ф╕Кц?,?ЙщЫ╗це?ESVUFR,
6245,члЛчлп,TW0006245004,2003/5/19,ф╕Кц?,?Ъф┐бч╢▓ш╖пце?ESVUFR,
6246,?║щ?,TW0006246002,2003/6/18,ф╕Кц?,?ЙщЫ╗це?ESVUFR,
6247,ц╖Зшн╜??TW0006247000,2003/7/4,ф╕Кц?,?╢ф??╗х?це?ESVUFR,,
6248,ц▓Ыц│в,TW0006248008,2003/9/3,ф╕Кц?,?╗х??╢ч?ф╗╢цен,ESVUFR
6250,хоЗх?,TW0006250004,2004/6/9,ф╕Кц?,?╗х??╢ч?ф╗╢цен,ESVUFR
6259,?╛х╛╜,TW0006259005,2003/9/17,ф╕Кц?,?╗х??╢ч?ф╗╢цен,ESVUFR
6261,ф╣Ех?,TW0006261001,2004/3/29,ф╕Кц?,?Кх?щлФцен,ESVUFR
6263,?ош?х╛?TW0006263007,2003/9/17,ф╕Кц?,?Ъф┐бч╢▓ш╖пце?ESVUFR,,
6264,хпМш?,TW0006264005,2004/2/24,ф╕Кц?,х╗║ц??ЯщАацен,ESVUFR
6265,?╣х???TW0006265002,2003/10/24,ф╕Кц?,?╗х??Ъш╖пце?ESVUFR,,
6266,ц│░ш?,TW0006266000,2004/4/29,ф╕Кц?,?╗х??╢ч?ф╗╢цен,ESVUFR
6270,?Нх╛о,TW0006270002,2003/9/17,ф╕Кц?,?╗х??Ъш╖пце?ESVUFR,
6274,?░чЗ┐,TW0006274004,2003/12/18,ф╕Кц?,?╗х??╢ч?ф╗╢цен,ESVUFR
6275,?Гх▒▒,TW0006275001,2004/12/23,ф╕Кц?,?╢ф??╗х?це?ESVUFR,
6276,хоЙщИж??TW0006276009,2003/10/30,ф╕Кц?,?╗шЕж?КщА▒щ?шинх?це?ESVUFR,,
6279,?бщА?TW0006279003,2003/11/26,ф╕Кц?,?╗х??╢ч?ф╗╢цен,ESVUFR,
6284,ф╜│щВж,TW0006284003,2004/6/29,ф╕Кц?,?╗х??╢ч?ф╗╢цен,ESVUFR
6287,?Гщ?,TW0006287006,2003/10/2,ф╕Кц?,?Кх?щлФцен,ESVUFR
6290,?пч╢н,TW0006290000,2005/6/3,ф╕Кц?,?╗х??╢ч?ф╗╢цен,ESVUFR
6291,ц▓Ыф║и,TW0006291008,2004/1/28,ф╕Кц?,?Кх?щлФцен,ESVUFR
6292,ш┐Ех╛╖,TW0006292006,2003/11/26,ф╕Кц?,?╗х??╢ч?ф╗╢цен,ESVUFR
6294,?║хЯ║,TW0006294002,2004/1/13,ф╕Кц?,?╢ф?це?ESVUFR,
6298,х┤┤х╝╖,TW0006298003,2006/3/15,ф╕Кц?,?╗шЕж?КщА▒щ?шинх?це?ESVUFR,
6404,F-?Ъш?,KYG211281061,2014/7/23,ф╕Кц?,ш│Зш??Нх?це?ESVUFR,
6411,?╢чД▒,TW0006411002,2014/3/11,ф╕Кц?,?Кх?щлФцен,ESVUFR
6419,ф║мцЩичз?TW0006419005,2014/12/29,ф╕Кц?,?ЙщЫ╗це?ESVUFR,,
6426,ч╡▒цЦ░,TW0006426000,2014/12/17,ф╕Кц?,?Ъф┐бч╢▓ш╖пце?ESVUFR,
6432,ф╗Кх?чз?TW0006432008,2015/5/20,ф╕Кц?,?╗х??╢ч?ф╗╢цен,ESVUFR,
6506,?ЩщВж,TW0006506009,2011/5/3,ф╕Кц?,?Цхн╕х╖ецен,ESVUFR
6508,?ах?,TW0006508005,2004/3/22,ф╕Кц?,хбСш?х╖ецен,ESVUFR
6509,?Ъх?,TW0006509003,2004/4/12,ф╕Кц?,?Цхн╕х╖ецен,ESVUFR
6603,хпМх╝╖??TW0006603004,2004/4/5,ф╕Кц?,?╗ц?цйЯцв░,ESVUFR,
6609,?зц╛дчз?TW0006609001,2003/9/23,ф╕Кц?,?╗ц?цйЯцв░,ESVUFR,
6803,х┤Сщ?,TW0006803000,2010/5/27,ф╕Кц?,?╢ф?це?ESVUFR,
8024,ф╜СшПп,TW0008024001,2006/9/25,ф╕Кц?,?Кх?щлФцен,ESVUFR
8032,?ЙшП▒,TW0008032004,2003/10/2,ф╕Кц?,?╗х??Ъш╖пце?ESVUFR,
8034,цжоч╛д,TW0008034000,2004/5/6,ф╕Кц?,?Ъф┐бч╢▓ш╖пце?ESVUFR,
8038,?╖х?чз?TW0008038001,2013/11/21,ф╕Кц?,?╗х??╢ч?ф╗╢цен,ESVUFR,
8040,ф╣Эц?,TW0008040007,2007/4/30,ф╕Кц?,?Кх?щлФцен,ESVUFR
8042,?Сх▒▒??TW0008042003,2004/3/22,ф╕Кц?,?╗х??╢ч?ф╗╢цен,ESVUFR,
8043,?Ьц?хп?TW0008043001,2003/10/24,ф╕Кц?,?╗х??╢ч?ф╗╢цен,ESVUFR,
8044,ч╢▓хо╢,TW0008044009,2005/1/24,ф╕Кц?,ш│Зш??Нх?це?ESVUFR,
8047,?ЯщЫ▓,TW0008047002,2004/2/9,ф╕Кц?,?╢ф??╗х?це?ESVUFR,
8048,х╛╖х?,TW0008048000,2009/9/8,ф╕Кц?,?Ъф┐бч╢▓ш╖пце?ESVUFR,
8049,?╢щ?,TW0008049008,2004/2/2,ф╕Кц?,?ЙщЫ╗це?ESVUFR,
8050,х╗??,TW0008050006,2003/10/24,ф╕Кц?,?╗шЕж?КщА▒щ?шинх?це?ESVUFR,
8053,х╖иц?,TW0008053000,2005/1/20,ф╕Кц?,?ЙщЫ╗це?ESVUFR,
8054,хоЙх?,TW0008054008,2004/11/8,ф╕Кц?,?Кх?щлФцен,ESVUFR
8059,?▒чвй,TW0008059007,2010/3/16,ф╕Кц?,?Ъф┐бч╢▓ш╖пце?ESVUFR,
8064,?▒цН╖,TW0008064007,2006/9/25,ф╕Кц?,?ЙщЫ╗це?ESVUFR,
8066,ф╛ЖцАЭщ?,TW0008066002,2004/12/24,ф╕Кц?,ш▓┐ц??╛ш▓ице?ESVUFR,
8067,х┐ЧцЧн,TW0008067000,2004/4/23,ф╕Кц?,?╗х??Ъш╖пце?ESVUFR,
8068,?ищ?,TW0008068008,2004/3/25,ф╕Кц?,?╗х??Ъш╖пце?ESVUFR,
8069,?Гхдк,TW0008069006,2004/3/30,ф╕Кц?,?ЙщЫ╗це?ESVUFR,
8071,?╜ч?ш▒?TW0008071002,2003/12/29,ф╕Кц?,?╗х??╢ч?ф╗╢цен,ESVUFR,
8074,?Ецйб,TW0008074006,2004/1/27,ф╕Кц?,?╗х??╢ч?ф╗╢цен,ESVUFR
8076,ф╝Нш?,TW0008076001,2003/12/15,ф╕Кц?,?╗шЕж?КщА▒щ?шинх?це?ESVUFR,
8077,?ашПп,TW0008077009,2004/12/6,ф╕Кц?,?ЙщЫ╗це?ESVUFR,
8079,шкащ?,TW0008079005,2004/1/15,ф╕Кц?,?Кх?щлФцен,ESVUFR
8080,хезцЦп??TW0008080003,2004/5/10,ф╕Кц?,?╗х??╢ч?ф╗╢цен,ESVUFR,
8082,?╛ц?,TW0008082009,2003/12/30,ф╕Кц?,?Ъф┐бч╢▓ш╖пце?ESVUFR,
8083,?Юч?,TW0008083007,2004/9/23,ф╕Кц?,?╗ц?цйЯцв░,ESVUFR
8084,х╖ишЩ╣,TW0008084005,2004/3/8,ф╕Кц?,?╗х??Ъш╖пце?ESVUFR,
8085,чжПшПп,TW0008085002,2004/3/1,ф╕Кц?,?╢ф??╗х?це?ESVUFR,
8086,хоПцН╖чз?TW0008086000,2009/6/1,ф╕Кц?,?Кх?щлФцен,ESVUFR,
8087,?пщ???TW0008087008,2004/2/25,ф╕Кц?,?ЙщЫ╗це?ESVUFR,,
8088,?Бх?,TW0008088006,2004/2/27,ф╕Кц?,?Кх?щлФцен,ESVUFR
8091,ч┐Фх?,TW0008091000,2004/6/24,ф╕Кц?,?╗х??╢ч?ф╗╢цен,ESVUFR
8092,х╗║ц?,TW0008092008,2004/2/2,ф╕Кц?,?╢ф??╗х?це?ESVUFR,
8093,ф┐ЭщК│,TW0008093006,2004/12/31,ф╕Кц?,?╗х??╢ч?ф╗╢цен,ESVUFR
8096,?Оф?,TW0008096009,2004/7/15,ф╕Кц?,?╗х??Ъш╖пце?ESVUFR,
8097,х╕╕чП╡,TW0008097007,2004/3/1,ф╕Кц?,?Ъф┐бч╢▓ш╖пце?ESVUFR,
8099,хдзф?чз?TW0008099003,2004/3/29,ф╕Кц?,ш│Зш??Нх?це?ESVUFR,,
8107,хдзх?чз?TW0008107004,2005/11/15,ф╕Кц?,?ЙщЫ╗це?ESVUFR,,
8109,?Ъхдз,TW0008109000,2005/3/22,ф╕Кц?,?╗х??╢ч?ф╗╢цен,ESVUFR
8111,члЛч?,TW0008111006,2004/2/9,ф╕Кц?,?ЙщЫ╗це?ESVUFR,
8121,ш╢Кх│░,TW0008121005,2005/2/17,ф╕Кц?,?╗х??╢ч?ф╗╢цен,ESVUFR
8147,цн?╖й,TW0008147000,2013/4/30,ф╕Кц?,?╗х??╢ч?ф╗╢цен,ESVUFR
8155,?ЪцЩ║,TW0008155003,2012/12/18,ф╕Кц?,?╗х??╢ч?ф╗╢цен,ESVUFR
8171,хдйх?,TW0008171000,2011/12/19,ф╕Кц?,?Ъф┐бч╢▓ш╖пце?ESVUFR,
8176,?║цН╖,TW0008176009,2013/6/25,ф╕Кц?,?Ъф┐бч╢▓ш╖пце?ESVUFR,
8182,?ащ?,TW0008182007,2006/5/25,ф╕Кц?,?╗х??╢ч?ф╗╢цен,ESVUFR
8183,ч▓╛ц?,TW0008183005,2005/3/30,ф╕Кц?,?╢ф??╗х?це?ESVUFR,
8234,?░ц╝в,TW0008234006,2007/6/7,ф╕Кц?,?╗шЕж?КщА▒щ?шинх?це?ESVUFR,
8240,?пх?,TW0008240003,2005/6/23,ф╕Кц?,?ЙщЫ╗це?ESVUFR,
8255,?Лч?,TW0008255001,2006/4/25,ф╕Кц?,?╗ц?цйЯцв░,ESVUFR
8266,ф╕нцЧе??TW0008266008,2004/11/1,ф╕Кц?,?ЙщЫ╗це?ESVUFR,,
8277,?Жф?,TW0008277005,2004/12/27,ф╕Кц?,?Кх?щлФцен,ESVUFR
8287,?▒ца╝??TW0008287004,2005/1/3,ф╕Кц?,?╗х??╢ч?ф╗╢цен,ESVUFR,
8289,ц│░ш?,TW0008289000,2008/4/24,ф╕Кц?,?╗х??╢ч?ф╗╢цен,ESVUFR
8291,х░Ъш?,TW0008291006,2011/11/29,ф╕Кц?,?╗х??╢ч?ф╗╢цен,ESVUFR
8299,ч╛дшБп,TW0008299009,2004/12/6,ф╕Кц?,?╗шЕж?КщА▒щ?шинх?це?ESVUFR,
8349,?ТшАА,TW0008349002,2006/3/10,ф╕Кц?,?╝щР╡х╖ецен,ESVUFR
8354,?ахе╜,TW0008354002,2004/4/15,ф╕Кц?,хбСш?х╖ецен,ESVUFR
8358,?Сх?,TW0008358003,2010/9/27,ф╕Кц?,?╗х??╢ч?ф╗╢цен,ESVUFR
8383,?Гщ?,TW0008383001,2004/9/10,ф╕Кц?,?╢ф??╗х?це?ESVUFR,
8390,?Сч?щ╝?TW0008390006,2008/5/21,ф╕Кц?,?╢ф?це?ESVUFR,,
8401,?╜ч?чз?TW0008401001,2010/3/29,ф╕Кц?,?╢ф?це?ESVUFR,,
8403,?Ых?,TW0008403007,2011/3/1,ф╕Кц?,?Яц??лч?це?ESVUFR,
8406,F-?СхПп,KYG390101064,2012/4/27,ф╕Кц?,?Яц??лч?це?ESVUFR,
8409,?Жф???TW0008409004,2013/11/25,ф╕Кц?,?Яц??лч?це?ESVUFR,,
8410,цгочФ░,TW0008410002,2011/2/23,ф╕Кц?,?╗шЕж?КщА▒щ?шинх?це?ESVUFR,
8416,хпжх?,TW0008416009,2012/9/19,ф╕Кц?,ш│Зш??Нх?це?ESVUFR,
8418,F-х┐Ех?,KYG520981039,2011/12/6,ф╕Кц?,?╢ф?це?ESVUFR,
8420,?Оц?,TW0008420001,2014/11/10,ф╕Кц?,?╢ф?це?ESVUFR,
8421,?нц?,TW0008421009,2012/11/23,ф╕Кц?,?╢ф?це?ESVUFR,
8423,F-ф┐Эч?,KYG715991074,2012/3/14,ф╕Кц?,?╢ф?це?ESVUFR,
8424,?ацЩо,TW0008424003,2012/12/18,ф╕Кц?,х╗║ц??ЯщАацен,ESVUFR
8426,F-ч┤ЕцЬи,KYG7457N1051,2011/12/13,ф╕Кц?,?╢ф?це?ESVUFR,
8431,?пщС╜чз?TW0008431008,2015/3/30,ф╕Кц?,?╢ф??╗х?це?ESVUFR,,
8432,?▒ч???TW0008432006,2012/4/30,ф╕Кц?,?Яц??лч?це?ESVUFR,,
8433,х╝Шх?,TW0008433004,2012/12/19,ф╕Кц?,ш▓┐ц??╛ш▓ице?ESVUFR,
8435,?Ещ?,TW0008435009,2012/12/28,ф╕Кц?,?╢ф?це?ESVUFR,
8436,хдзц?,TW0008436007,2013/9/12,ф╕Кц?,?Яц??лч?це?ESVUFR,
8446,?пч?,TW0008446006,2013/12/19,ф╕Кц?,?╢ф?це?ESVUFR,
8450,?╣щ?,TW0008450008,2014/10/7,ф╕Кц?,?Зх??╡ц?це?ESVUFR,
8905,шгХх?,TW0008905001,1996/1/31,ф╕Кц?,?╢ф?це?ESVUFR,
8906,?▒ч?,TW0008906009,1996/4/23,ф╕Кц?,?╢ф?це?ESVUFR,
8908,цм??,TW0008908005,1997/2/14,ф╕Кц?,ц▓╣щЫ╗?Гц░гце?ESVUFR,
8913,?ищ?,TW0008913005,1998/6/10,ф╕Кц?,?╢ф?це?ESVUFR,
8916,?Йщ?,TW0008916008,1999/4/20,ф╕Кц?,?╢ф?це?ESVUFR,
8917,цм?│░,TW0008917006,1999/5/6,ф╕Кц?,ц▓╣щЫ╗?Гц░гце?ESVUFR,
8921,ц▓Иц?,TW0008921008,2000/3/21,ф╕Кц?,?╢ф?це?ESVUFR,
8923,?Вха▒,TW0008923004,1999/12/27,ф╕Кц?,?╢ф?це?ESVUFR,
8924,хдзчФ░,TW0008924002,2000/2/9,ф╕Кц?,?╢ф?це?ESVUFR,
8925,?Йч?,TW0008925009,2000/3/10,ф╕Кц?,?╢ф?це?ESVUFR,
8927,?ЧхЯ║,TW0008927005,2000/11/2,ф╕Кц?,ц▓╣щЫ╗?Гц░гце?ESVUFR,
8928,?Ец?,TW0008928003,2001/2/2,ф╕Кц?,?╢ф?це?ESVUFR,
8929,хпМхаб,TW0008929001,2000/11/30,ф╕Кц?,?╢ф?це?ESVUFR,
8930,?ТщЛ╝,TW0008930009,2000/12/6,ф╕Кц?,?╝щР╡х╖ецен,ESVUFR
8931,хдзц▒╜??TW0008931007,2001/5/10,ф╕Кц?,ц▓╣щЫ╗?Гц░гце?ESVUFR,,
8932,хоПхдз,TW0008932005,2001/3/29,ф╕Кц?,?╢ф?це?ESVUFR,
8933,?ЫхЬ░??TW0008933003,2001/3/28,ф╕Кц?,?╢ф?це?ESVUFR,,
8934,шббх╣│,TW0008934001,2001/9/3,ф╕Кц?,?╢ф?це?ESVUFR,
8935,?жц│░,TW0008935008,2002/3/26,ф╕Кц?,?╢ф?це?ESVUFR,
8936,?Лч╡▒,TW0008936006,2002/9/9,ф╕Кц?,?╢ф?це?ESVUFR,
8937,?Ищ?,TW0008937004,2002/10/29,ф╕Кц?,?╢ф?це?ESVUFR,
8938,?Ох?,TW0008938002,2002/12/2,ф╕Кц?,?╢ф?це?ESVUFR,
8941,?Ьф╕н,TW0008941006,2003/1/20,ф╕Кц?,ш▓┐ц??╛ш▓ице?ESVUFR,
8942,цгощ?,TW0008942004,2003/5/16,ф╕Кц?,?╢ф?це?ESVUFR,
9949,?Йх?,TW0009949008,2003/11/21,ф╕Кц?,?╢ф?це?ESVUFR,
9950,?мх???TW0009950006,2004/2/17,ф╕Кц?,хбСш?х╖ецен,ESVUFR,
9951,?ЗчФ░,TW0009951004,2003/12/18,ф╕Кц?,?╗ц?цйЯцв░,ESVUFR
9960,?Бщ?х║?TW0009960005,2004/12/6,ф╕Кц?,ш▓┐ц??╛ш▓ице?ESVUFR,,
9962,?Йч?,TW0009962001,2006/7/10,ф╕Кц?,?╝щР╡х╖ецен,ESVUFR
